Manhattan Parks,,,,
Bowling Green,,,,
Bryant Park,,,,
Central Park,,,,
City Hall Park,,,,
De Witt Clinton Park,,,,
East River Waterfront Esplanade,,,,
Fort Tryon Park,,,,
Fort Washington Park,,,,
Harlem River Park,,,,
Holcombe Rucker Park,,,,
Imagination Playground,,,,
Inwood Hill Park,,,,
Isham Park,,,,
J. Hood Wright Park,,,,
Jackie Robinson Park,,,,
Madison Square Park,,,,
Marcus Garvey Park,,,,
Morningside Park,,,,
Randall's Island Park,,,,
Riverside Park,,,,
Riverside Park South,,,,
Sara D. Roosevelt Park,,,,
Seward Park,,,,
St. Nicholas Park,,,,
Stuyvesant Square,,,,
The Battery,,,,
The High Line,,,,
Thomas Jefferson Park,,,,
Tompkins Square Park,,,,
Union Square Park,,,,
Washington Square Park,,,,
