Complaint Type,Descriptor,Unique Key
Sewer,Highway Flooding (SH),2782
Sweeping/Inadequate,3B Sweeping/Inadequate,1921
Noise,Noise: Other Noise Sources (Use Comments) (NZZ),2014
Sewer,Trench (SZZ1),192
Broken Muni Meter,Credit Card Stuck in Meter,7447
HPD Literature Request,Certificate of No Harassment (CONH) Application,7
SCRIE,SCRIE Recertification,12353
GENERAL CONSTRUCTION,WINDOWS,87995
PAINT - PLASTER,CEILING,180010
Illegal Animal Sold,Monkey,9
DEP Street Condition,Depression,23
SCRIE,Miscellaneous,6788
School Maintenance,Broken Water Fountain,132
Home Repair,Apartment,723
Derelict Vehicle,With License Plate,207812
Bus Stop Shelter Placement,Relocation of Bus Stop Shelter,361
Street Light Condition,Lamppost Base Door/Cover Missing,3998
Foam Ban Enforcement,ER9 FOAM VIOL. RETAILER,39
Illegal Animal Kept as Pet,Iguana,30
SCRIE,Application Renewal,10785
Industrial Waste,Waterway-Sewage (IHA),121
HPD Literature Request,Housing Education Program Course Guide,393
Tanning,Injury or Illness from Tanning,3
Water Conservation,"Wasting Faucets,Sinks,Flushometer,Urinal,Etc. - Private Residence (CWR)",2062
SCRIE,Rent Discrepancy,5539
HEAP Assistance,N/A,1687
Question,Energy,5
Consumer Complaint,Illegal/Unfair Booting,222
GENERAL CONSTRUCTION,FIRE-ESCAPE,2896
Illegal Animal Sold,Snake,23
Forms,Trauma Counseling,2
General Construction/Plumbing,"Building - Vacant, Open And Unguarded",17489
Traffic Signal Condition,EXPY Lamp,2
DEP Street Condition,Concrete Around Hydrant,1
Electrical,Electrical Enforcement Work Order (DOB),88
Advocate-UBT,Unincorporated Business Tax - Other,1
HPD Literature Request,Housing Information Guide For Tenants and Owners Notice,3143
Street Sign - Missing,No Idling,25
Standing Water,Container - Under 5 Gallons,351
Standing Water,Swimming Pool - Unmaintained,4796
Violation of Park Rules,Biking/Rollerblading off Path,671
DOF Property - Reduction Issue,Commercial J51 Exemption,684
Consumer Complaint,Non-Delivery of Papers,278
Street Light Condition,Glassware Missing,9090
Missed Collection (All Materials),1R Missed Recycling-All Materials,38731
Urinating in Public,N/A,4603
Street Sign - Damaged,No Idling,24
Standpipe - Mechanical,Voluntary,6
Air Quality,Air: Other Air Problem (Use Comments) (AZZ),5408
Traffic Signal Condition,Veh Sgnl Mult Lamps,5237
Traffic Signal Condition,EXPY Fixture,3
Street Light Condition,Wood Pole Damaged,72
General Construction/Plumbing,Egress - Doors Locked/Blocked/Improper/No Secondary Means,21814
$(sleep 11),Trauma Counseling,1
HPD Literature Request,Home Ownership Kit,4653
Dirty Conditions,E13 Throw-Out,2113
Food Establishment,No Permit or License,1814
Sidewalk Condition,Curb Painted,3382
Animal in a Park,Domestic Strays,1447
Maintenance or Facility,Grass/Weeds,10251
HPD Literature Request,New Lead Law Rights and Requirements,250
DOF Property - RPIE Issue,Status of Request to file Paper RPIE,582
Municipal Parking Facility,Snow Removal,117
Abandoned Vehicle,With License Plate,17966
Standing Water,Puddle in Ground,3471
Fire Alarm - Reinspection,For Letter of Defect,4
Street Condition,Dumpster - Causing Damage,24
Sewer,Catch Basin Sunken/Damaged/Raised (SC1),27383
Emergency Response Team (ERT),V.E.S.T. Program (DOB & NYPD),1
Air Quality,"Air: Odor/Fumes, Dry Cleaners (AD1)",223
Boilers,Boiler - Fumes/Smoke/Carbon Monoxide,319
./validate_form.php,Trauma Counseling,1
Illegal Tree Damage,Unauthorized Tree Pruning,1373
Consumer Complaint,Door to Door Sales,5
Illegal Parking,Double Parked Blocking Vehicle,46603
Water Maintenance,Hydrant Defect,19
Indoor Air Quality,,1
Dept of Investigations,Integrity Complaint Referral,8
DCA / DOH New License Application Request,Animal Boarding License,61
Consumer Complaint,Employment Agency,98
Safety,Building,1
Street Sign - Missing,Stop,6358
Elder Abuse,N/A,6033
Street Condition,Plate Condition - Anti-Skid,174
%c0%ae/%c0%ae/%c0%ae/WEB-IN...,Trauma Counseling,1
Quality of Life,Illegal Conversion No Access Follow - UP,1494
Taxpayer Advocate Inquiry,Commercial Rent Tax- Refund,1
Plumbing,Failure To Retain Water/Improper Drainage- (LL103/89),11482
Unsanitary Condition,,5493
Unleashed Dog,Unleashed Dog in Public,7395
DCA / DOH New License Application Request,Secondhand Dealer General License,445
Request Xmas Tree Collection,C1 Request Xmas Trees Collection,1986
Question,Fiscal and Business Management,11
Traffic Signal Condition,Box Cover,107
New Tree Request,For One Address,151870
Non-Emergency Police Matter,Street Con Game,217
../../../WEB-INF/web.xml,Trauma Counseling,1
Street Condition,Line/Marking - Faded,16135
Taxpayer Advocate Inquiry,Excise Taxes-Refund,3
X-Ray Machine/Equipment,Equipment Malfunction,17
Traffic/Illegal Parking,Blocked Crosswalk,557
Bus Stop Shelter Complaint,Damaged or Missing Ad Box,118
Lead,Lead Kit Request (Non-Residential) (L11),453
Highway Sign - Damaged,Construction,36
Traffic Signal Condition,Pedestrian Sign,56
Dirty Conditions,E7 Private Carter Spillage,301
Street Sign - Damaged,Stop,10937
OEM Literature Request,Ready NY My Emergency Plan - Italian,8
For Hire Vehicle Report,Driver Report,1510
Water Conservation,Rooftank Leak Or Overflow (CKO),484
DOF Property - Reduction Issue,Condo or Co-op Abatement,15434
Plant,Plants- Noise Related Problems (PN1),92
DOF Property - RPIE Issue,Status of Completed Waiver,13
Water System,Caps & Chains Missing-Fire Dept Use Only (WKMC),1
Construction Safety Enforcement,Best - Low-Rise Tracking Complaint,4760
Noise - Commercial,Loud Talking,31154
Special Projects Inspection Team (SPIT),Illegal Conversion Of Manufacturing/Industrial Space,759
Comments,Tax Commission Rules,1
Unsanitary Condition,Unsanitary Condition,2
Vending,In Prohibited Area,22753
DEP Street Condition,Asphalt Around Valve Box,2
Traffic Signal Condition,Supervisory,2
Traffic Signal Condition,Warning Signal Lamp,441
Housing - Low Income Senior,N/A,51517
Comments,Communications/Intergovernmental,3
Street Light Condition,Traffic Signal Light,3963
Drinking,Underage - Licensed Est,3795
Consumer Complaint,Sales Promotion,11
DOF Property - Reduction Issue,Personal Other Exemption,2121
Illegal Animal Kept as Pet,Ferret,66
Street Sign - Damaged,Construction,284
OEM Literature Request,Ready NY - Chinese Traditional - Pocket Size,22
Consumer Complaint,Clothing Damage,1040
Comments,FOIL Request - Request for Records,8
Advocate-Commercial Exemptions,Commercial ICP or ICAP Exemption,2
Homeless Encampment,N/A,36428
Animal in a Park,Injured Wildlife,3058
Sewer,Catch Basin Search (SC2),4150
DCA / DOH New License Application Request,Pathogens License,4
Street Sign - Damaged,Do Not Block the Box,21
DOF Property - Payment Issue,EFT or Online Payment Problem,124
DOF Property - RPIE Issue,Filing and Technical Issues,2922
Sewer,Catch Basin Clogged/Flooding (Use Comments) (SC),84831
*)(!(objectClass=*),Trauma Counseling,1
Bus Stop Shelter Complaint,Sign Missing or Defective,630
Misc. Comments'(select*from...,Trauma Counseling,1
Noise - Residential,Loud Television,33127
Noise - Helicopter,Other,8929
Dispatched Taxi Complaint,Driver Complaint - Passenger,1
Consumer Complaint,Bodega/Deli/Supermarket,263
Found Property,Electronics/Phones,1429
Curb Condition,Curb Defect-Metal Protruding,5215
Noise - House of Worship,Banging/Pounding,1154
OEM Literature Request,Hurricane Preparedness - Urdu,3
Lost Property,Sports Equipment,12
Maintenance or Facility,Garbage or Litter,21475
Sidewalk Condition,Canopy Complaint,584
Construction,Initial - BPP,846
Street Sign - Missing,Do Not Block the Box,24
DPR Internal,Aided/Injury,7516
OEM Literature Request,Ready NY - Seniors and Disabled - Russian,15
Consumer Complaint,Unrequested Services Provided,39
Air Quality,"Air: Odor/Fumes, Other (Use Comments) (AD6)",2
Sewer,Street Flooding (SJ),25208
Advocate-Commercial Exemptions,Commercial Not For Profit Exemption,6
Street Sign - Missing,Construction,291
&lt;odb xmlns:xi=&quot;http...,Trauma Counseling,1
Water Conservation,Illegal Use Of A Hydrant (CIN),8261
Hazardous Materials,"Oil Spill On Street, Large (HQL)",4661
Standing Water,Bird Bath,103
Indoor Air Quality,Dry Cleaning Vapors (PERC),411
Consumer Complaint,Storage Warehouse,57
Sewer,Sewer Break (SBR),1028
HPD Literature Request,The ABCs of Housing - Russian,128
DCA / DOH New License Application Request,Non Retail Food Processing Establishment License,139
Broken Parking Meter,Bent/Loose,287
Dirty Conditions,E11 Litter Surveillance,9273
Traffic/Illegal Parking,Posted Parking Sign Violation,2890
Street Light Condition,,32
Question,General Counsel,87
Animal in a Park,Dead Animal,3206
Traffic Signal Condition,Marine Flasher,10
Found Property,Bag/Wallet,1190
Discipline and Suspension,Physical Punishment,72
Illegal Parking,Commercial Overnight Parking,126701
${3804*3137},Trauma Counseling,1
General Construction/Plumbing,Failure to Comply with Vacate Order,2286
Consumer Complaint,Tour Company,57
Noise - Residential,Banging/Pounding,464268
Industrial Waste,Oil Spill Into Basin/Sewer - Small (IABS),924
Advocate-SCRIE/DRIE,SCRIE Initial Application,3
DEP Sidewalk Condition,Asphalt Around Manhole Cover,1
Bridge Condition,American Flag,60
Electrical,Electrical Wiring Defective/Exposed,35559
DCA / DOH New License Application Request,Industrial Laundry Delivery License Application,1
Sanitation Condition,15R Street Cond/Ref.W Door,966
Water System,Defective Street Cut (WZZ1),3547
CONSTRUCTION,RAIN LEADER,364
Disorderly Youth,Playing in Unsuitable Place,4109
Window Guard,Tenant Refusal,460
DOF Property - Owner Issue,Billing Address Incorrect,31611
Single Occupancy Bathroom,Missing/Improper Sign,37
Homeless Person Assistance,,28006
CONSTRUCTION,ELEVATOR,1270
Misc. Comments&quot;|echo 2...,Trauma Counseling,1
Food Establishment,Facility Construction,822
Municipal Parking Facility,"Dirt, Litter, Debris - Lot",71
Consumer Complaint,Arcade,2
Water System,Manhole Cover Missing (Emergency) For Dep Internal Use Only (WF),9
DCA / DOH New License Application Request,Cabaret License,133
Found Property,Book/Stationery,36
Consumer Complaint,Non-Disclosure of Fees,233
kawn''lcgv,Trauma Counseling,1
Maintenance or Facility,Snow or Ice,4538
Food Establishment,Permit/License/Certificate,1746
Traffic Signal Condition,Red Lt Camera Feed,4
Teaching/Learning/Instruction,Bilingual Program,56
Water System,Leak (Use Comments) (WA2),125066
Air Quality,"Air: Soot, Other (Use Comments) (AB4)",114
Street Condition,Plate Condition - Open,3449
DCA / DOH New License Application Request,Going Out of Business Sale License,63
School Maintenance,Rodents/Mice,1963
Special Projects Inspection Team (SPIT),Sign - In Danger Of Falling,1286
Asbestos,Asbestos Project Notification (B2),7
Traffic/Illegal Parking,Truck Route Violation,154
Street Light Condition,Street Light Cycling,48308
Street Light Condition,Street Light Out,673932
Drinking Water,Illness Caused by Drinking Water,1107
Misc. Comments&amp;nslookup...,Trauma Counseling,1
X-Ray Machine/Equipment,Facility Unregistered,23
Noise - House of Worship,Loud Television,21
Fire Alarm - Replacement,Existing System,1
HEATING,HEAT-PLANT,7563
Construction Safety Enforcement,CSC - Full Demo Tracking,745
Unlicensed Dog,License Violation,75
DOF Property - Reduction Issue,Personal DRIE Exemption,12007
General Construction/Plumbing,Structural Stability Impacted - New Building Under Construction,692
DCA / DOH New License Application Request,Sightseeing Guide License,167
Street Sign - Dangling,Yield,138
Green Taxi Complaint,Vehicle Complaint,1
Broken Parking Meter,Graffiti,209
DOOR/WINDOW,WINDOW FRAME,74462
Forensic Engineering,Monopole Tracking Complaint,17
LinkNYC,Blocking Sidewalk,64
Bridge Condition,Fallen Debris from Bridge,291
Consumer Complaint,Scale Inaccurate/Broken,890
Water Maintenance,Running Hydrant,1
SCRIE,Initial Application,4495
DOF Property - Request Copy,Copy of Account Information,18115
Blocked Driveway,Partial Access,231208
Misc. Comments;declare @q v...,Trauma Counseling,1
Highway Condition,Dead Animal,2448
Radioactive Material,Contamination Risk,52
OEM Literature Request,Summer Heat - Haitian Creole,5
PAINT - PLASTER,DOORS/FRAME,3129
Sidewalk Condition,Dumpster - Bulk Household,8
Air Quality,"Air: Open Fire, Residential (AC1)",32
Noise - Residential,Loud Talking,111314
Illegal Tree Damage,Trunk Damaged,4614
Animal Abuse,Neglected,24968
Water Quality,"Taste/Odor, Musty/Stale (QA4)",1106
Traffic Signal Condition,Controller Flasher,123
Sidewalk Condition,Cellar Door Defective,516
Street Light Condition,Lamppost Wire Exposed,6681
Animal Abuse,Other (complaint details),12725
Hazardous Materials,Natural Gas Leak *For Dep Internal Use Only* (HF1),2
Consumer Complaint,Home Heating Oil Company,5
Misc. Comments{${sleep(20)}},Trauma Counseling,1
DOOR/WINDOW,DOOR FRAME,16450
Comments,Fiscal and Business Management,2
Misc. Comments  BCC:a5glxzf...,Trauma Counseling,1
Street Sign - Dangling,St Name - Attached to Pole,3538
HPD Literature Request,The ABCs of Housing - Arabic,32
NONCONST,SMOKE-DETECTOR,16259
Consumer Complaint,Cancellation/Closure without Notice,3
General Construction/Plumbing,Curb Cut/Driveway/Carport - Illegal,23291
Consumer Complaint,Street Fair Vendor,18
Taxpayer Advocate Inquiry,Property - Other Billing Issue,168
Teaching/Learning/Instruction,Pre-Kindergarten,5
Missed Collection (All Materials),1C Uncollected Xmas Trees,1969
Animal Abuse,Chained,3512
Consumer Complaint,No or Defective Headphones,26
Illegal Parking,Unauthorized Bus Layover,14836
HPD Literature Request,Sample Suspected Gas Leak Notice,61
Animal Facility - No Permit,N/A,660
Animal Abuse,No Shelter,4433
DOF Property - Update Account,Billing Name Incorrect,6475
Legal Services Provider Complaint,N/A,176
DOF Property - Payment Issue,Other Billing Issue,16376
Consumer Complaint,Contract Dispute,7416
DOF Property - Reduction Issue,Personal Veteran Exemption,5158
Noise,"Noise: Air Condition/Ventilation Equip, Residential (NJ1)",3547
Misc. Comments' and (select...,Trauma Counseling,1
LinkNYC,Touchscreen/Button Not Working,40
DOF Property - City Rebate,City Rebate,1186
APPLIANCE,REFRIGERATOR,41933
Pet Shop,Dogs or Cats Sold,249
Consumer Complaint,Rates Not Posted,502
Bus Stop Shelter Complaint,Damaged Leg or Pole Bent,119
Safety,Student Being Harassed,243
Traffic Signal Condition,Detector Sensor,89
Damaged Tree,Branch Cracked and Will Fall,60473
Misc. Comments&gt;  BCC:bl0...,Trauma Counseling,1
Unsanitary Condition,Odor,1
Cooling Tower,Unsanitary Condition,51
DOF Property - Reduction Issue,Personal Crime Victim or Good Samaritan Exemption,8
Violation of Park Rules,Smoking,2215
Question,Tax Commission Rules,18
Public Toilet,Flooded,46
General Construction/Plumbing,Posted Notice Or Order Removed/Tampered With,976
Food Establishment,Ventilation,493
..\..\..\..\..\..\..\..\..\...,Trauma Counseling,4
Bottled Water,Illness/Injury,16
OEM Literature Request,Ready NY - Chinese Traditional - Full Size,37
DHS Advantage - Tenant,Unenroll from Advantage Program,548
Taxi Complaint,Insurance Information Requested,4447
DHS Advantage - Third Party,Possible Landlord Foreclosure,15
Parking Card,Not Received - Vending Machine,383
../../../../../../../../../...,Trauma Counseling,4
NONCONST,JANITOR-SUPER,8948
Cranes and Derricks,Accident - Cranes/Derricks/Suspension Scaffold,61
DOF Parking - Request Status,Copy of Statement,1
Summer Camp,Ill Staff,28
SAFETY,FIRE ESCAPE,9602
Advocate-Personal Exemptions,Personal SCHE Exemption,491
Street Light Condition,Fire Alarm Lamp Cycling,4
Standing Water,Container - Over 5 Gallons,1426
.../...//.../...//.../...//...,Trauma Counseling,1
Discipline and Suspension,Suspension Process,108
Water Maintenance,Other Water Problem,2
Consumer Complaint,Satisfaction with Provider,2
Highway Condition,Crash Cushion Defect,329
DCA / DOH New License Application Request,Seasonal Food Cart Vendor Permit,155
Illegal Parking,Detached Trailer,4790
Plumbing,Plumbing-Defective/Leaking/Not Maintained,12810
DCA / DOH New License Application Request,Motion Picture Operator License,8
DEP Sidewalk Condition,Defective Manhole Cover,1
Sewer,Culvert Blocked/Needs Cleaning (SE),1817
General Construction/Plumbing,"Smoking Signs - ""No Smoking"" Signs Not Observed on Construction Site",145
Food Establishment,Milk Not Pasteurized,44
ELECTRIC,ELECTRIC-WIRING,44899
Traffic Signal Condition,CMU Communication,305
Other Enforcement,E14 ASP/Restricted Parking,4041
Dead/Dying Tree,Planted Less Than 2 Years Ago,4776
Street Light Condition,Fixture/Luminaire Door Open,11385
Building/Use,Illegal Conversion Of Residential Building/Space,177345
Emergency Response Team (ERT),Lights From Parking Lot Shining On Building,1678
Food Establishment,Pet/Animal,2851
Maintenance or Facility,Graffiti or Vandalism,4665
Street Light Condition,Lamppost Damaged,6546
DCA / DOH New License Application Request,Licensed Home Improvement Contractor Bumper Sticker,117
Comments,Energy,3
bcd9&lt;!--esi--&gt;1ggp&lt...,Trauma Counseling,1
Senior Center Complaint,N/A,3113
Noise - House of Worship,Loud Talking,2145
Traffic Signal Condition,Marine Fixture,2
Advocate-Commercial Exemptions,Green Roof or Solar Panel Exemption,2
DCA / DOH New License Application Request,Storage Warehouse License,3
Noise - Helicopter,NYPD,951
Street Light Condition,Fixture/Luminaire Out Of Position,10532
Animal Abuse,Tortured,5159
.../.\.../.\.../.\.../.\......,Trauma Counseling,1
DCA / DOH New License Application Request,Sidewalk Cafe License,169
Violation of Park Rules,BBQ Outside Authorized Area,3111
Water System,Hydrant Defective (WC2),30462
Safety,Altercation on School Property,130
Sewer,Plate Missing/Moved-Exposing Hole (SB4),644
Plant,Plants- Odor Related Problems (PO1),2348
OUTSIDE BUILDING,FENCING,7
Misc. Comments&amp;ping -n ...,Trauma Counseling,1
DOF Property - Reduction Issue,DRIE Exemption,4277
OUTSIDE BUILDING,PAVEMENT,1331
DOF Property - Reduction Issue,Homestead,185
Traffic Signal Condition,Flashing Hazard,544
DOF Property - City Rebate,Check Lost or Not Received,13
Illegal Animal Kept as Pet,Rooster,1166
Harboring Bees/Wasps,Beekeeping - Honeybees,271
Food Establishment,Rodents/Insects/Garbage,23677
Misc. Comments]]&gt;&gt;&lt;,Trauma Counseling,1
Consumer Complaint,Dissatisfaction with Provider,637
DOF Parking - Request Status,Status of Appeal,1883
Misc. Comments..\..\..\..\....,Trauma Counseling,2
School Maintenance,Lack of Supplies,123
DOR Literature Request,Marriage Certificate Order Form,15
Advocate-Personal Exemptions,Personal DHE Exemption,64
ELECTRIC,ELECTRIC-SUPPLY,48236
DHS Advantage - Tenant,Lease Expiring,5934
Violation of Park Rules,Unauthorized Posting of Signs,233
Sewer,Plate Noisy/Sunken/Raised (SB5),874
(select extractvalue(xmltyp...,Trauma Counseling,1
UNSANITARY CONDITION,GARBAGE/RECYCLING STORAGE,72437
DCA / DOH New License Application Request,Horse Stable License,6
Special Projects Inspection Team (SPIT),Contrary To LL 58/87(Handicapped Access),2362
GENERAL,FIRE-ESCAPE,32
Traffic Signal Condition,Dead End Sign,6
GENERAL CONSTRUCTION,CABINETS,30172
DOR Literature Request,Birth Certificate Before 1910 Order Form,18
Hazardous Materials,"Oil Spill On Street, Small (HQS)",1738
DOF Property - City Rebate,Not Primary Residence,3
Select Message Type...,Budget,2
Borough Office,Stalled Sites Tracking Complaint,1
DCA / DOH New License Application Request,Shelter for Homeless Animals License,9
../WEB-INF/web.xml;x=,Trauma Counseling,1
Sprinkler - Mechanical,Voluntary,2
General Construction/Plumbing,Inadequate Support Shoring,405
Forms,Office of Preventive Technical Assistance/OPTA,300
Sewer,Street Cave-In *Dep Internal Use Only* (SG1),19
Investigations and Discipline (IAD),Plumbing Work - Unlicensed/Illegal/Improper Work In Progress,3746
OEM Literature Request,Ready NY - Seniors and Disabled - Braille for the Blind,6
Snow,5 Un-Plowed/Spread Street,974
Consumer Complaint,Minor Present School Hours,5
Traffic Signal Condition,EZ PASS READER,1
LinkNYC,Graffiti/Dirty Condition,42
Research Questions,Other,49
HEATING,HEAT RELATED,8371
GENERAL,WINDOWS,1734
Taxpayer Advocate Inquiry,Excise Taxes-Other,2
HPD Literature Request,Certificate of No Harassment (CONH) Exemption,2
Special Projects Inspection Team (SPIT),Advertising Sign/Billboard/Posters/Flexible Fabric - Illegal,7379
Street Sign - Missing,Street Cleaning - ASP,4071
Street Sign - Damaged,Do Not Enter,1338
g0oii1s4s5)(objectClass=*,Trauma Counseling,1
Food Establishment,Food Contaminated,5425
LEAD,N/A,1
DOF Property - Owner Issue,Property Address Incorrect,1100
Misc. Comments%}dt2pq'/&quo...,Trauma Counseling,1
WATER LEAK,SLOW LEAK,74981
DCA / DOH New License Application Request,Booting Company License,6
OEM Disabled Vehicle,Snow Emergency,1916
Illegal Parking,Parking Permit Improper Use,8252
Street Sign - Missing,Do Not Enter,573
Street Sign - Damaged,Street Cleaning - ASP,10898
OEM Literature Request,Ready NY - Chinese Simplified - Full Size,19
DOR Literature Request,Genealogy Research Application,6
DCA / DOH New License Application Request,Electronics Store License,84
PLUMBING,BATHTUB/SHOWER,55668
Tunnel Condition,Fallen Debris from Tunnel,24
Internal Code,NOISE: AIR CONDITION/VENTILATION EQUIPMENT - FOR DEP INTERNAL USE ONLY (YNV1),1
SAFETY,SMOKE DETECTOR,14151
Noise,"Noise, Ice Cream Truck (NR4)",15334
Electronics Waste,Recycling Electronics,26471
Consumer Complaint,Amusement Ride,6
Consumer Complaint,Closed without Notice,981
Illegal Animal Sold,Other,179
OEM Literature Request,Ready NY - Seniors and Disabled - Chinese,23
Consumer Complaint,Cigarette Sale to Minor,3737
Public Toilet,Damaged Toilet/Sink,48
Parent Leadership,Complaint,63
Registration and Transfers,Transfer,102
DCA / DOH New License Application Request,Garage or Parking Lot License,108
Consumer Complaint,Exchange/Refund/Return,23140
Industrial Waste,Grease In Sewer/Catch Basin (IDG),1761
Forensic Engineering,Sandy: Building Destroyed,241
DHS Advantage - Tenant,Other Issue,23713
Noise - Commercial,Banging/Pounding,36098
Asbestos,N/A,5127
Hazardous Materials,Indoor Air Complaint (HK1),2
HPD Literature Request,Mitchell-Lama Housing List,2896
Food Establishment,Dishwashing/Utensils,1022
Industrial Waste,Waterway-Color (IHD),81
Public Payphone Complaint,Lost Coin,1574
Question,FOIL Request - Request for Records,149
Sidewalk Condition,Pedestrian Ramp Defective,2593
WATER LEAK,DAMP SPOT,24509
UNSANITARY CONDITION,SEWAGE,11370
DEP Street Condition,Defective Catch Basin,23
Traffic Signal Condition,Turn Signal,94
Standing Water,Puddle on Roof,827
Street Condition,Concrete Walls,1
Question,Communications/Intergovernmental,1
Street Light Condition,Control Panel Damaged,123
Ferry Complaint,General Complaint,1215
Question,Appeals Division,4
Street Light Condition,Fire Alarm Lamp Dim,1
Water Conservation,"Wasting Faucets,Sinks,Flushometer,Urinal,Etc. - Other (CWO)",851
DCA / DOH New License Application Request,Tow Truck Exemption License,3
OEM Literature Request,Ready NY Beat the Heat - English,135
School Maintenance,Other School Condition,3902
DHS Advantage -Landlord/Broker,Lease Renewal Question,782
Water Conservation,"Swimming Pool, Illegal Filling - Private Residence (CER)",3
School Maintenance,Plumbing Problem,507
Standing Water,Building Foundation,385
Street Condition,Crash Cushion Defect,755
Teaching/Learning/Instruction,Tutoring,6
Consumer Complaint,Contact Sign Not Posted,791
DOF Parking - Address Update,Vehicle Owner Address Update,489
Missed Collection (All Materials),1L Missed Recycling Leaves,518
Ferry Complaint,Restrooms,107
DEP Street Condition,Defective Hardware - DEP,29
Lead,Lead Kit Request (Residential) (L10),59509
Street Sign - Dangling,Bus Stop,650
Unsanitary Animal Pvt Property,Cat,3341
Sweeping/Missed-Inadequate,3 Sweeping/Missed-Inadequate,5853
PAINT/PLASTER,CEILING,161343
Consumer Complaint,Minor Access,8
School Maintenance,Graffiti,240
Street Light Condition,Lamppost Knocked Down,6337
Noise - Commercial,Loud Television,718
SCRIE,TAC Report,2061
PAINT - PLASTER,WALLS,168471
Consumer Complaint,Damaged/Defective Goods,13188
Maintenance or Facility,Structure - Indoors,8819
Consumer Complaint,Dry Cleaner,93
Emergency Response Team (ERT),M.A.R.C.H. Program (Interagency),2464
Industrial Waste,Waterway-Oil/Gasoline (IHB),148
UNSANITARY CONDITION,MOLD,140004
OEM Literature Request,Ready NY - Flooding,271
idexf3mrb7)(!(objectClass=*),Trauma Counseling,1
Derelict Bicycle,14B Derelict Bicycle,13095
Comments,General Counsel,6
OEM Literature Request,Ready NY - Pets - English,219
Traffic Signal Condition,Veh Signal Visor,5054
Construction,Re-Inspect - Rslve Objections,3629
Consumer Complaint,Lost Property,128
Indoor Sewage,Sewage Leak,1617
DCA / DOH New License Application Request,Portable Amusement Ride License,25
For Hire Vehicle Complaint,Insurance Information Requested,472
DCA / DOH New License Application Request,Home Improvement Salesperson License,410
Employee Behavior,CP1 Employee Behavior-Bcc,2
../../WEB-INF/web.xml;x=,Trauma Counseling,1
Forms,,37
Construction,Re-Inspect - Unprepared,969
Other Enforcement,E99 Other Requests For Enforcement,52
Animal in a Park,Animal Waste,1359
Standing Water,Flower Planters,162
Dispatched Taxi Compliment,Driver Compliment,1
Emergency Response Team (ERT),Emergency Asbestos Response Inspection,1
Water Conservation,Water Meter Stolen/Missing - Other (CLO),149
Street Sign - Missing,"No Parking, Standing, Stopping",14278
OEM Literature Request,Ready NY - English - Full Size,1708
Consumer Complaint,Ticket Broker,17
Lost Property,Bag/Wallet,1903
Dirty Conditions,E3 Dirty Sidewalk,95780
Ferry Complaint,Delays,623
DOF Parking - Payment Issue,Status of PV Refund,7054
DEP Street Condition,Ponding,2
OEM Literature Request,Ready NY - Seniors and Disabled - Audio Cassette,49
Forensic Engineering,Building Under Structural Monitoring,335
Noise - Street/Sidewalk,Loud Talking,146353
Home Care Provider Complaint,N/A,257
Food Poisoning,1 or 2,25021
PLUMBING,SHOWER-STALL,8822
Consumer Complaint,Process Server,16
Traffic Signal Condition,Ethernet Cable,2
MOLD,Public Complaint - Comm Location,1
Forms,"Education Support, Policy, and Practice",211
Green Taxi Report,Driver Report - Non Passenger,9
School Maintenance,Air Conditioning Problem,2352
Noise - Helicopter,Hovering,276
Drinking,After Hours - Licensed Est,1011
Air Quality,"Air: Dust, Commercial (AE2)",277
Homeless Person Assistance,No Status Call,8730
Traffic/Illegal Parking,Unauthorized Bus Layover,197
Advocate-Prop Class Incorrect,Property Misclassification,9
GENERAL,MAILBOX,6845
Food Establishment,Food Contains Foreign Object,5457
Misc. Comments}}t2v95'/&quo...,Trauma Counseling,1
DOF Property - Reduction Issue,Personal Clergy Exemption,235
Consumer Complaint,Locksmith,19
Traffic Signal Condition,Sidewalk Pull Box Co,99
Curb Condition,Curb Violation,161
DCA / DOH New License Application Request,Inhalation Therapy Supervising Technician License,1
Consumer Complaint,Advance Fee,14
Eviction,Mobile Senior,427
Traffic Signal Condition,Veh Signal Lens,195
Noise,"Noise: Boat(Engine,Music,Etc) (NR10)",1382
Blocked Driveway,No Access,665391
qfix4${695*589}lixaf,Trauma Counseling,1
Consumer Complaint,Non-Disclosure of Ownership,4
DEP Street Condition,Failed Street Cut - DEP,8
Lost Property,Book/Stationery,25
Noise - Commercial,Car/Truck Horn,6341
DHS Advantage - Third Party,Payment Not Received from DHS,423
Street Sign - Dangling,School Crossing,639
SRDE,,17
http://g7orz5h9iu2sh6z332rj...,Trauma Counseling,1
General Construction/Plumbing,Adjacent Buildings Not Protected,13659
Street Light Condition,Lamppost Leaning,6903
DEP Street Condition,Plate Condition - DEP,1
Sidewalk Condition,Blocked - Construction,23745
Plumbing,Plumbing Enforcement Work Order (DOB),127
Question,ALJ Division,1
Overgrown Tree/Branches,Traffic Sign or Signal Blocked,4924
General Construction/Plumbing,Debris - Falling Or In Danger Of Falling,14938
Taxi Licensee Complaint,Driver Complaint,22
SCRIE,Update Tenant Information,2329
General Construction/Plumbing,Excavation Undermining Adjacent Building,3471
PLUMBING,RADIATOR,61542
Mobile Food Vendor,Food Temperature,90
Consumer Complaint,Debt Not Owed,1523
Food Poisoning,3 or More,4552
Street Sign - Damaged,"No Parking, Standing, Stopping",12859
Advocate-Co-opCondo Abatement,Co-op or Condo Abatement,84
OEM Literature Request,Ready NY - Haitian Creole - Full Size,25
DOF Parking - DMV Clearance,Registration Clearance Request,1991
OEM Literature Request,Summer Heat - Korean,4
HPD Literature Request,Senior Citizen Home Assistance Program (SCHAP) Loan,243
Public Assembly - Temporary,Initial,1
Street Sign - Dangling,Speed Limit,573
c:\windows\win.ini Misc. Co...,Trauma Counseling,1
Sidewalk Condition,Sidewalk Grating - Missing,604
Traffic Signal Condition,Sign,100
Broken Parking Meter,Timer Defect - Fast/Fail,5131
Elevator,Elevator - Defective/Not Working,69751
Lifeguard,Not Certified,12
Traffic Signal Condition,Stop Temporary,24
Rodent,Condition Attracting Rodents,67489
Street Condition,General Bad Condition,555
Electronics Waste,1RE missed collection for E-waste,4
Street Condition,Cave-in,100230
Street Condition,Dumpster - Construction Waste,418
Calorie Labeling,Failure to Post Calorie Information,150
Highway Condition,High Grass,692
Request Changes - A.S.P.,16 Request Changes - A.S.P.,1
Comments,Facilities Management,4
OEM Literature Request,Summer Heat - English,120
Public Toilet,Damaged/Missing Ad Box,1
SCRIE,SCRIE Assistance,31567
Noise - Commercial,Car/Truck Music,7792
DPR Internal,Lost/Missing Person,228
Lost Property,Electronics/Phones,1743
Consumer Complaint,Travel Agency,24
X-Ray Machine/Equipment,Exposure from Nearby Facility,20
Sewer,Catch Basin Connection Broken *Dep Internal Use Only* (SC5),6
Fire Alarm - Modification,To FDNY Approved System,4
Standing Water,Fountain - Under 5 Gallons,55
OEM Literature Request,Ready NY - Arabic - Full Size,17
Consumer Complaint,Other,304
Consumer Complaint,Billing Dispute,4070
Street Sign - Damaged,Detour,122
Unsanitary Condition,Rodents/Mice,1
Housing Options,Assisted Living,5355
Traffic Signal Condition,Junction Box,1463
Found Property,Sports Equipment,19
Standing Water,Tires,358
Street Sign - Missing,Detour,53
Misc. Comments';declare @q ...,Trauma Counseling,1
Water System,Request To Open A Hydrant (WC4),708
OEM Literature Request,Ready NY - Reference Card,120
School Maintenance,Broken Fence,106
Consumer Complaint,Returns Not Filed,430
NONCONST,RUBBISH,31735
Animal-Abuse,In Car,84
Consumer Complaint,Mandatory Tip,774
Comments,EEO,7
Noise,Construction Before/After Hours - For DEP Internal Use Only,1
Water Conservation,Water Meter Broken/Leaking - Private Residence (CMR),20320
DHS Advantage -Landlord/Broker,Payment Not Received from DHS,21548
Overflowing Litter Baskets,6 Overflowing Litter Baskets,11535
Consumer Complaint,ID Requirement Not Posted,169
Illegal Tree Damage,Roots Damaged,3248
ELECTRIC,NO LIGHTING,38423
Traffic/Illegal Parking,Detached Trailer,77
Comments,Special Events,4
Highway Sign - Dangling,Exit/Route,103
DPR Internal,Locker Break-in/Incident,264
Traffic Signal Condition,Enclosure Cap,1291
Hazardous Materials,Chemical Spill/Release (HA1),3138
&lt;vlv xmlns=&quot;http://...,Trauma Counseling,1
Smoking,Cigarette Vending Machine,11
Bottled Water,Odor,19
DOF Parking - Request Copy,Decision and Order,4560
Dirty Conditions,E5 Loose Rubbish,12220
Air Quality,"Air: Smoke, Commercial (AA2)",772
General,,1163
Water System,Plate Missing/Moved-Exposing Hole (WF4),125
HPD Literature Request,Heat Bulletin,6057
DOF Parking - Payment Issue,In Person - Not Reflected,93
Scaffold Safety,Suspended (Hanging) Scaffolds - No Pmt/Lic/Dangerous/Accident,2457
DOF Parking - Payment Issue,Finance Business Center - Not Reflected,556
SCRIE,Application Portability,103
Consumer Complaint,Unlicensed,10902
Summer Camp,Food/Food Worker,8
Mobile Food Vendor,Equipment,147
DCA / DOH New License Application Request,Individual Process Server License,477
Taxpayer Advocate Inquiry,Personal Exemptions,98
Traffic,Chronic Speeding,2552
Noise,"Noise, Other Animals (NR6)",1796
PAINT - PLASTER,RADIATOR,3533
Taxpayer Advocate Inquiry,Property Refunds and Credits,35
Forms,Financial Disclosure Info,1
DCA / DOH New License Application Request,Barbershop License,234
Public Payphone Complaint,Graffiti/Litter on Phone,731
Bus Stop Shelter Complaint,Damaged or Leaking Roof,95
GENERAL CONSTRUCTION,DOORS,75770
School Maintenance,Broken Window,33
Recycling Enforcement,ER2 Resident Recyc. (Tenant),1502
Consumer Complaint,Grocery Store,1
Comments,Accessibility Accommodations,2
Sprinkler - Mechanical,Because of Violation,1
Sidewalk Condition,Sidewalk Collapsed,2735
SCRIE,Copy of Approval Order,5684
Consumer Complaint,Pregnancy Services Center,2
Traffic Signal Condition,Ped Visor,57
Misc. Comments' and 6049=60...,Trauma Counseling,1
Consumer Complaint,Debt Collection Agency,55
Dead Tree,Dead/Dying Tree,57498
DOF Property - Payment Issue,Amount Owed Dispute,1738
Consumer Complaint,Over Capacity,1305
Ferry Complaint,Stores and Vendors,10
Broken Muni Meter,Missing/Stump,553
DCA / DOH New License Application Request,Permanent Amusement Device License,3
Illegal Animal Kept as Pet,Farm Animal,300
Noise,Noise: Manufacturing Noise (NK1),2709
Traffic Signal Condition,Door,314
OEM Literature Request,Ready NY - English - 2007 Guide,40
Sewer,Manhole Sunken/Damaged/Raised (SB1),3388
Traffic Signal Condition,BBS Failure,363
Water System,No Water/Low Pressure (WA5),17380
Bridge Condition,Graffiti - Bridge,562
Missed Collection,,339
%{4761*8506},Trauma Counseling,1
Trans Fat,N/A,31
Street Sign - Dangling,One Way,1261
Water Quality,Bwso Referral To Water Quality (For Dep Internal Use Only) (QBWSO),2
General Construction/Plumbing,Safety Inspection-Retaining Walls (May 2005),177
Street Light Condition,Glassware Broken,4646
Vending,Unlicensed,18893
Sewer,Other Sewer Problem (Use Comments) (SZZ),511
OEM Literature Request,Summer Heat - Spanish,46
Misc. Comments' and '1618'=...,Trauma Counseling,1
Consumer Complaint,Scale Inaccurate,39
Street Light Condition,Flood Light Lamp Dim,172
Traffic Signal Condition,Expressway Sign,8
Water System,installation of hydrant side post (WHFP),144
Noise,Noise: Jack Hammering (NC2),32171
Misc. Comments'.sleep(20).',Trauma Counseling,1
Water System,Open Excavation (WZZ2),8
"Misc. Comments',0)waitfor d...",Trauma Counseling,1
Consumer Complaint,Disabled Device Dealer,9
Unsanitary Pigeon Condition,Pigeon Waste,5719
DCA / DOH New License Application Request,Full Term Mobile Food Unit Permit,1277
Snow,E9 Snow / Icy Sidewalk,46848
General Construction/Plumbing,Deck Inspection,138
Hazardous Materials,Other Hazmat Problem (HZZ),185
*)(objectClass=*,Trauma Counseling,1
Elevator,Elevator - Single Device On Property/No Alternate Service,18862
Question,Other,178
Street Sign - Damaged,St Name - Over Intersection,430
Advocate-Prop Refunds/Credits,Property Refunds and Credits,485
Question,Non-Public Schools,4
Misc. Comments&amp;echo xjd...,Trauma Counseling,1
Highway Condition,Cave-in,2319
School Maintenance,Leaky Roof,93
Traffic Signal Condition,Hangers,28
DCA / DOH New License Application Request,Newsstand License,242
Misc. Comments'+(select loa...,Trauma Counseling,1
Street Sign - Missing,St Name - Over Intersection,649
Air Quality,"Air: Odor/Fumes, Vehicle Idling (AD3)",23305
DCA / DOH New License Application Request,Sightseeing Bus License,46
Consumer Complaint,Tow Truck Company,416
DHS Advantage - Third Party,Court Date Within 7 Days,63
DSNY Spillage,4 DSNY Spillage,2
Special Operations,DCP/BSA Compliance Inspection,9
DOF Property - Payment Issue,Electronic Fund Transfer (EFT) Problem,1748
VACANT APARTMENT,ABANDONED APARTMENT UNIT,8
Dirty Conditions,E3A Dirty Area/Alleyway,59548
Highway Sign - Dangling,Other/Unknown,100
DOF Parking - Payment Issue,Settlement Reduction Not Shown,2399
Noise - Vehicle,Engine Idling,52242
Street Light Condition,Fire Alarm Lamp Missing,148
Standing Water,Fountain - Over 5 Gallons,177
Hazardous Materials,Petroleum Spill (HE1),453
Other Enforcement,E2A Storage Of Receptacles,20100
Health,Accessing Medical Care,18
Root/Sewer/Sidewalk Condition,Sidewalk Consultation,7584
Traffic Signal Condition,Foundation,342
Non-Emergency Police Matter,Ticket Scalping,136
DCA / DOH New License Application Request,Scrap Metal Processor License,91
DCA / DOH New License Application Request,Stoop Line Stand License,246
Consumer Complaint,Bingo Hall,7
General Question,About NYC Opportunity,3
Street Condition,"Rough, Pitted or Cracked Roads",52607
Traffic Signal Condition,Tie Rods,15
GENERAL CONSTRUCTION,GAS,15785
Sewer,Manhole Cover Broken/Making Noise (SB),19764
Smoking,Flavored Tobacco,31
Street Condition,Guide Rail,4
Graffiti,Police Report Requested,1415
DOF Property - Payment Issue,Misapplied Payment,7425
OEM Literature Request,Hurricane Preparedness - Russian,100
DHS Advantage - Tenant,Landlord Requesting Additonal Rent,1271
DOF Property - Payment Issue,Bill Received in Error,755
Tanning,Facility General,19
Taxpayer Advocate Inquiry,General Business Tax- Audit,2
Noise,Noise: Construction Equipment (NC1),64232
Water Quality,Clear Water With Other Particles (Use Comments) (QEZ),1359
c:\windows\win.ini,Trauma Counseling,1
Food Establishment,Plumbing,267
Illegal Animal Sold,Turtle Under 4 inches Long,230
Water Quality,Taste/Odor - Musty/Stale,1
Plant,Dry weather discharge (DWD),2
Consumer Complaint,Jewelry Appraiser,6
Public Payphone Complaint,Phone Blocking Sidewalk,284
Consumer Complaint,Car Rental,46
Street Condition,Blocked - Construction,28544
Misc. Comments'+(select*fro...,Trauma Counseling,1
General Construction/Plumbing,Material Storage - Unsafe,480
Taxi Report,Vehicle Report,747
Collection Truck Noise,21 Collection Truck Noise,1706
Traffic Signal Condition,Controller,228756
Question,Facilities Management,31
Overgrown Tree/Branches,Dead Branches in Tree,25527
Traffic Signal Condition,Conduit,527
OEM Literature Request,Ready NY - English - Pocket Size,652
HPD Literature Request,The ABCs of Housing,15221
yw97y0gi2s,Trauma Counseling,1
Registration and Transfers,Registration,88
Traffic Signal Condition,RTMS,3
Highway Sign - Dangling,Speed Limit,12
DCA / DOH New License Application Request,Dealer in Devices for Disabled License,21
Street Light Condition,Lamppost Missing,3522
Public Payphone Complaint,Damaged Telephone,2733
Traffic Signal Condition,Wireless,10
School Maintenance,Broken Lock,49
Food Establishment,Handwashing,1188
Elevator,Bicycle Access Waiver Request - Elevator Safety,6
Violation of Park Rules,Unauthorized Film Shoot,83
Taxpayer Advocate Inquiry,Property Value,15
DCA / DOH New License Application Request,Compressed Air License,22
Street Condition,Suspected Street Cut,20
APPLIANCE,AIR-CONDITIONER,227
Industrial Waste,Oil Spill Into Basin/Sewer - Large (IABL),1601
Safety,,423
Question,Special Events,48
Indoor Air Quality,Chemical Vapors/Gases/Odors,18258
Illegal Animal - Sold/Kept,Rooster,1
Food Establishment,Letter Grading,6245
Consumer Complaint,High Pressure Sales,10
Traffic Signal Condition,Ped Multiple Lamps,7029
Forms,Building Information/Construction History,1
Consumer Complaint,Car Wash,89
Question,EEO,49
GENERAL,DOORS,1416
Ferry Permit,Performance,425
For Hire Vehicle Complaint,Car Service Company Complaint,9421
Open Flame Permit,Initial,1
Water System,Other Water Problem (Use Comments) (WZZ),14384
Appliance,,2
Plumbing,Plumbing Work - Illegal/No Permit/Standpipe/Sprinkler,10387
Health,Unhealthy Condition in School,141
General Construction/Plumbing,Construction - Change Grade/Watercourse,4935
DOF Property - Payment Issue,Payment Not Posted,2448
Industrial Waste,Concrete In Catch Basin (IEA),2059
Traffic Signal Condition,Telco Connection Blk,70
Traffic Signal Condition,Lane Control Signal,46
Elevator,Amusement Ride Accident/Incident,4
Benefit Card Replacement,Medicaid,73605
DOF Parking - Payment Issue,Marshal - Not Reflected,285
Mobile Food Vendor,Placement,346
Taxi Complaint,Driver Complaint - Passenger,5290
PLUMBING,SPRINKLER,444
Other Enforcement,E6 Commercial Waste Disposal,6652
Health,Health Instruction in School,4
DOF Property - Reduction Issue,Commercial 421A Exemption,1432
Interior Demo,Non-Compliance w/TTPN 1/00 - Vertical Enlargements,21
Maintenance or Facility,Rodent Sighting,6857
City Vehicle Placard Complaint,N/A,2383
Consumer Complaint,Horse Drawn Carriage,5
Sidewalk Condition,Sidewalk Violation,90960
NONCONST,SMOKE DETECTOR,245
Green Taxi Report,Driver Report - Passenger,4
Forms,NYC.gov Web Site,1
Consumer Complaint,Gender Pricing,249
DCA / DOH New License Application Request,Tow Truck Driver License,195
SAFETY,WINDOW GUARD BROKEN/MISSING,13266
Forms,Facility Complaint,1
Traffic Signal Condition,Veh Signal Lamp,15287
Food Establishment,Sign,154
HEAT/HOT WATER,ENTIRE BUILDING,761563
DOF Parking - Payment Issue,Card - Charged Twice,2429
DRIE,Application Appeal,83
Traffic,Chronic Stoplight Violation,2807
Recycling Enforcement,ER6 Comm. Recyc. (Comm. Tenant),839
DCA / DOH New License Application Request,Tobacco Retail Dealer License Application,27
Sidewalk Condition,Dumpster - Construction Waste,6227
Tanning,Equipment Not Safe,5
Misc. Comments);declare @q ...,Trauma Counseling,1
DCA / DOH New License Application Request,Street Fair Vendor License,1133
Forms,Inspection Requests/Complaints,2
Air Quality,"Air: Smoke, Chimney or vent (AS1)",10717
Misc. Comments'|echo y9v6fc...,Trauma Counseling,1
Highway Sign - Missing,Construction,80
Misc. Comments&quot;|ping -...,Trauma Counseling,1
Consumer Complaint,Demand for Cash,1173
Street Light Condition,Multiple St Lts Dayburning,1928
Hazardous Materials,Chemical Odor (HD1),13136
OEM Literature Request,Hurricane Preparedness - Polish,5
Consumer Complaint,Price Not Posted,1704
Water Conservation,Water Meter Broken/Leaking - Other (CMO),5565
Noise - Helicopter,Passing By,146
Traffic Signal Condition,Marine Lamp,3
Food Establishment,Milk Expired,40
Traffic Signal Condition,Marine Globe,2
Food Establishment,Lighting,47
Squeegee,N/A,43
Traffic/Illegal Parking,Double Parked Blocking Vehicle,1338
PAINT/PLASTER,RADIATOR,4100
Borough Office,Illegal Commercial Or Manufacturing Use In a C1 Or C2 Zone,1
General Construction/Plumbing,Damage Assessment Request (Disaster),164
Forms,Complaint,6
Highway Condition,Concrete Barrier,58
Noise,Noise:  lawn care equipment (NCL),3349
Sidewalk Condition,Metal Protruding - Sign Stump,2798
Traffic Signal Condition,Conflict Monitor,10
School Maintenance,Poison Ivy,31
Consumer Complaint,Laundry,208
Street Light Condition,In-Line Fuse Missing,539
Water Quality,"No Sampling Required, Requested Information (QG2)",900
Dirty Conditions,E3B Sidewalk Obstruction,222
FCST,,183
Street Light Condition,Bracket Arm Loose,360
Traffic,Drag Racing,1718
Fire Alarm - New System,New Building,4
Street Condition,Wear & Tear,15471
Building Condition,Bikes in Buildings,26
Snow,15I Street Condition Ice-Non Storm,4301
Overgrown Tree/Branches,Clear Street Light,6301
General Construction/Plumbing,Vesting Inspection,104
Appliance,Air Conditioning Problem,2
Lost Property,Bag,5
Water Quality,BWSO Referral To Water Quality (For DEP Internal Use Only),1
For Hire Vehicle Complaint,Driver Complaint - Passenger,7389
Overgrown Tree/Branches,Hitting Building,48106
General Construction/Plumbing,Wall/Retaining Wall - Bulging/Cracked,3406
Illegal Parking,Posted Parking Sign Violation,238059
OEM Literature Request,Ready NY - Spanish - Full Size,192
Water Leak,General Maintenance,1
BEST/Site Safety,Demolition Notification Received,12653
Harboring Bees/Wasps,Bees/Wasps - Not a beekeper,1348
Street Sign - Dangling,Other/Unknown,5320
Food Establishment,Pesticide,297
Borough Office,Construction Enforcement Work Order (DOB),7749
DCA / DOH New License Application Request,General Vendor Waiting List Application,67
Comments,Non-Public Schools,3
Water System,Hydrant Locking Device Request (Use Comments) (WC5),7897
OEM Literature Request,Ready NY My Emergency Plan - Polish,3
Comments,Other,19
Misc. Comments|echo 3p7wexz...,Trauma Counseling,1
Consumer Complaint,Pawn Broker,14
Traffic/Illegal Parking,Congestion/Gridlock,947
OUTSIDE BUILDING,ROOF DOOR/HATCH,1019
Street Sign - Damaged,Honorary,30
Traffic Signal Condition,Speed Board Sign,291
Internal Code,PLANTS- OTHER RELATED PROBLEMS FOR DEP INTERNAL USE ONLY,2
PLUMBING,BASIN/SINK,152144
Sidewalk Condition,Sidewalk CafÃ©,108
Consumer Complaint,Rental Hall,28
PAINT/PLASTER,DOOR/FRAME,3464
General Construction/Plumbing,Site Conditions Endangering Workers,20998
Consumer Complaint,House/Property Damaged,659
HPD Literature Request,Home Improvement Program (HIP) Loan,59
Street Sign - Missing,Honorary,61
Miscellaneous Categories,FDNY Referral - Pilot,1028
Summer Camp,Facility Maint./Cleanliness,59
DHS Advantage - Tenant,Lease Already Expired,2847
DHS Advantage - Third Party,Returning Payment,11
Overflowing Recycling Baskets,6R Overflowing Recycling Baskets,165
(select load_file('\\\\615h...,Trauma Counseling,1
Dirty Conditions,"E4 18"" Law",6453
Stalled Sites,Stalled Construction Site,758
Smoking,Smoking Violation,19197
Tattooing,Tattoo Artist Unlicensed,347
Broken Parking Meter,Out of Order,10444
Sewer,DAMAGE STRUCTURE/RAILING (SRGDM),38
Consumer Complaint,Layaway Terms Not Provided,181
Traffic Signal Condition,In Conduit,182
Misc. Comments|ping -n 21 1...,Trauma Counseling,1
Research Questions,Zoning and Land Use Questions/Information,17
Taxi Report,Driver Report,10728
Broken Parking Meter,Parking Card Stuck in Meter,398
For Hire Vehicle Complaint,Driver Report - Non Passenger,27
Street Condition,Line/Marking - After Repaving,2932
Derelict Vehicles,14 Derelict Vehicles,204030
Noise - Vehicle,Car/Truck Horn,45494
Green Taxi Complaint,Driver Complaint - Non Passenger,33
Rodent,Signs of Rodents,20806
Housing Options,Other Housing Options,11041
DEP Sidewalk Condition,Cave-in,6
HPD Literature Request,Tenant and Landlord Disputes Brochure - Spanish,1992
DOF Parking - Payment Issue,Mailed - Not Reflected,6925
Lost Property,,7
Special Projects Inspection Team (SPIT),Adult Establishment,1084
Consumer Complaint,Misleading Appraisal,67
../../WEB-INF/web.xml,Trauma Counseling,1
Bus Stop Shelter Complaint,Damaged Bench,333
Mobile Food Vendor,Food Worker Activity,599
Noise,Horn Honking Sign Requested (NR9),1601
Traffic Signal Condition,Traffic Camera,28
UNSANITARY CONDITION,PESTS,218953
Noise - Vehicle,Car/Truck Music,114877
Street Light Condition,Street Light Dayburning,13762
Summer Camp,Swimming Pool/Waterfront,14
DOF Property - Reduction Issue,Commercial Not For Profit Exemption,5826
Industrial Waste,OTHER INDUSTRIAL WASTE PROBLEM (USE COMMENTS) FOR DEP INTERNAL USE ONLY (IZ),17
Broken Muni Meter,No Receipt,72798
Electric,Lighting/Electrical,1
Street Condition,Street Cave-In,23
Damaged Tree,Tree Trunk Split,5090
DCA / DOH New License Application Request,Horse Drawn Carriage Owner License,5
APPLIANCE,ELECTRIC/GAS RANGE,43874
Tattooing,Dirty/Inadequate Equip./Facility,330
@(9313*3464),Trauma Counseling,1
Advocate-Personal Exemptions,Personal STAR Exemption,141
DOF Parking - Request Copy,Image of Ticket,3537
Investigations and Discipline (IAD),Electrical - Unlicensed/Illegal/Improper Work In Progress,2794
Mobile Food Vendor,Smoke/Odor,136
General Construction/Plumbing,Working Contrary To Stop Work Order,16622
Air Quality,"Air: Open Fire, Construction/Demolition (AC4)",32
Violation of Park Rules,Obstructing Public Use,7312
Bereavement Support Group,N/A,282
nslookup -q=cname nneyfcxgy...,Trauma Counseling,1
Consumer Complaint,Time Insufficient,37
Consumer Complaint,Cell Phone Store,103
DCA / DOH New License Application Request,Process Server Organization License,149
Standing Water,Puddle on Driveway,351
Home Delivered Meal - Missed Delivery,N/A,1137
Standing Water,Other - Explain Below,6836
DOF Property - Payment Issue,Payment Made to Wrong BBL,15
PAINT/PLASTER,CABINET,1884
Consumer Complaint,No Statement of Job Conditions,12
Drug Activity,Use Outside,2733
Forms,Media Inquiries,118
Borough Office,Restroom Non-Complaince With Local Law 79/16,129
PLUMBING,WATER SUPPLY,69322
Question,Accessibility Accommodations,17
Broken Muni Meter,Coin or Card Did Not Register,49783
Plant,DRY WEATHER DISCHARGE - DWD,83
DOF Property - Payment Issue,Unresolved Other Agency Charge,164
Discipline and Suspension,Student/Parent Rights,204
Maintenance or Facility,Structure - Outdoors,49023
Public Assembly,Initial,4
OEM Literature Request,Ready NY - Korean - Full Size,10
OEM Literature Request,Winter Health and Safety Tips Guide,30
Street Light Condition,Flood Light Lamp Dayburning,192
DOF Parking - Payment Issue,Waive Penalty for Late Payment,29139
DOF Property - Reduction Issue,Commercial Green Roof or Solar Panel Exemption,515
Traffic/Illegal Parking,Commercial Overnight Parking,2338
Electronics Waste,1RE Recycling Electronics,2
DHS Advantage -Landlord/Broker,Returning Payment,406
APPLIANCE,ELECTRIC/GAS-RANGE,24795
OEM Literature Request,Ready NY My Emergency Plan - Haitian Creole,31
Noise - Park,Loud Talking,8504
Teaching/Learning/Instruction,Home Instruction,5
Maintenance or Facility,Broken Glass,1465
Case Management Agency Complaint,N/A,254
FHV Licensee Complaint,Licensee Complaint,26
DOF Property - Reduction Issue,Commercial CEP or CRP Exemption,247
Consumer Complaint,Credit Card Limitations Not Posted,706
OEM Literature Request,Ready NY - Polish - Full Size,3
Highway Condition,Unsafe Worksite,587
General Construction/Plumbing,Building Shaking/Vibrating/Structural Stability,37338
Street Light Condition,Multiple Street Lights Out,18542
DOF Property - Reduction Issue,Commercial ICIP or ICAP Exemption,1515
Animal in a Park,Removing Wildlife,1281
DCA / DOH New License Application Request,Full Term Mobile Food Vendor License,5363
Consumer Complaint,Missing Complaint Sign,19
Highway Condition,Sign Blocked by Tree,103
GENERAL CONSTRUCTION,MOLD,104839
Water System,NO WATER - WNW,14604
Noise,"Noise, Barking Dog (NR5)",67832
General Construction/Plumbing,Smoking Ban - Smoking on Construction Site,406
HEAT/HOT WATER,APARTMENT ONLY,406169
Illegal Parking,Blocked Sidewalk,135017
Illegal Tree Damage,Bicycle Chained to Tree,2451
Water Maintenance,Leaking Hydrant,1
Street Light Condition,Lamppost Base Door/Cover Open,21778
DOF Property - Payment Issue,Incorrect Amount Paid,408
DOF Parking - Payment Issue,Applied to Wrong Ticket,3946
X-Ray Machine/Equipment,Exposure Unnecessary,20
Mobile Food Vendor,Milk/Dairy Products,23
Building/Use,Illegal. Commercial Use In Resident Zone,22526
Pet Shop,Dogs or Cats Not Sold,144
Question,Language Access Coordinator,5
Advocate-Commercial Exemptions,421A Exemption,5
Illegal Animal Sold,Ferret,7
Forms,Other Health Matters,7
DEP Street Condition,Sunken Pavement,1
Ferry Inquiry,General Inquiry,442
Consumer Complaint,,2
Hazmat Storage/Use,Non-med Compressed Gas - New,1
Traffic Signal Condition,Cable,5420
Public Payphone Complaint,No Dial Tone,461
Consumer Complaint,Damaged Vehicle,5747
Misc. Comments'+sleep(20.to...,Trauma Counseling,1
Consumer Complaint,Gaming Cafe,5
Portable Toilet,Abandoned,1
DOR Literature Request,Death Certificate Before 1949 Order Form,27
Tattooing,Dirty/Inadequate Eqp/Facility,17
Summer Camp,Child Safety/Supervision,65
OUTSIDE BUILDING,GUTTER/LEADER,631
Consumer Complaint,Injury/Safety,50
Public Toilet,Damaged Door,28
OEM Literature Request,Ready NY - Urdu - Full Size,1
Air Quality,"Air: Dust, Other (Use Comments) (AE5)",146
Health,Obtaining Health Insurance,1
Mold,Public Complaint - Comm Location,3249
OEM Literature Request,Ready NY My Emergency Plan - Korean,9
General Construction/Plumbing,Facade - Defective/Cracking (Ll11/98),3362
Highway Sign - Damaged,Other/Unknown,286
DHS Advantage - Third Party,Lease Already Expired,44
Food Establishment,Food Spoiled,7618
Water Maintenance,Defective Hydrant,2
Forensic Engineering,Second Avenue Subway Construction,9
OEM Literature Request,Ready NY My Emergency Plan - Spanish,157
OEM Literature Request,Summer Heat - Chinese,8
Consumer Complaint,Loan Offer,7
Water Quality,unknown odor/taste in drinking water (QA6),1291
Consumer Complaint,Furniture Store,244
General Construction/Plumbing,Accident - Construction/Plumbing,652
Water Quality,Defective Water Sampling Station (QSS),203
Food Establishment,Toxic Chemical/Material,248
Traffic Signal Condition,Transducer-Loop,64
Dispatched Taxi Complaint,Driver Complaint,20
Forms,Mental Health,3
Consumer Complaint,For-profit College,27
Traffic,Congestion/Gridlock,26064
Consumer Complaint,Labor violation,324
DOF Property - Owner Issue,Condo Billing Issue,3659
Portable Toilet,Odor,6
Sweeping/Missed,3A Sweeping/Missed,6092
Illegal Parking,Double Parked Blocking Traffic,62844
DHS Income Savings Requirement,Disbursement Form Request,154
Building Marshals office,Unlicensed/Illegal/Improper Work In Progress,2980
School Maintenance,Heating Problem,1698
HPD Literature Request,Housing Quality Standards (HQS) Inspections FAQs - Spanish,5
Question,Administration,612
Street Light Condition,Highway Sign Lighting Repair,3
Traffic Signal Condition,Mast Arm,1486
Forms,Community Outreach,277
Water System,Fire Hydrant Emergency (FHE),56051
HPD Literature Request,Notice of Housing Code Enforcement Issues,161
Street Condition,Plate Condition - Noisy,18251
Special Natural Area District (SNAD),Illegal Tree Removal/Topo. Change in SNAD,795
HPD Literature Request,Participation Loan Program (PLP),5
Traffic/Illegal Parking,Drag Racing,62
SAFETY,CARBON MONOXIDE DETECTOR,12220
Traffic Signal Condition,Vehicle Signal,5017
Question,Citywide Procurement,102
Consumer Complaint,Scale Dealer/Repairer,21
Unsanitary Animal Pvt Property,Other Animal,1294
Dirty Conditions,E12 Illegal Dumping Surveillance,28592
Traffic Signal Condition,Veh Signal Head,18773
HPD Literature Request,The ABCs of Housing - Korean,19
Advocate-SCRIE/DRIE,SCRIE Miscellaneous,6
Air Quality,"Air: Dust, Residential (AE1)",478
Sidewalk Condition,Defacement,400
Teaching/Learning/Instruction,Summer School,16
DOF Parking - Tax Exemption,Tax Exemption,6953
Street Condition,Plate Condition - Shifted,9749
Overgrown Tree/Branches,Hitting Power/Phone Lines,31900
DCA / DOH New License Application Request,Employment Agency Manager License,1
\windows\win.ini,Trauma Counseling,1
Sustainability Enforcement,Sustainability Enforcement Work Order,6414
GENERAL,VENTILATION SYSTEM,9308
Forensic Engineering,Retaining Wall Tracking Complaint,21
DHS Advantage -Landlord/Broker,Lease Already Expired,625
School Maintenance,Asbestos,88
Street Light Condition,Defective Streetlight,1
Beach/Pool/Sauna Complaint,Beach/Pool Water,957
Consumer Complaint,Overcharge,17641
NONCONST,SIGNAGE,340
Noise - Commercial,Loud Music/Party,261582
Posting Advertisement,Building,821
Maintenance or Facility,Hours of Operation,4721
Comments,Real Estate Services,3
DOF Property - Update Account,Billing Address Incorrect,14549
Street Light Condition,Street Light Lamp Missing,3200
DCA / DOH New License Application Request,Temporary Amusement Device License,9
Homeless Person Assistance,N/A,74535
For Hire Vehicle Complaint,Licensee Complaint,1
HPD Literature Request,Article 8A Loan Program,15
Consumer Complaint,Booting Company,12
Water System,Service line termination *FOR DEP INTERNAL USE ONLY* (WSLT),1
DOF Property - Payment Issue,Interest Dispute,4622
Asbestos/Garbage Nuisance,N/A,1
Dirty Conditions,E8 Canine Violation,26154
Illegal Animal Kept as Pet,Snake,222
GENERAL,JANITOR/SUPER,6895
Bike Rack Condition,Chained Bike,225
DEP Highway Condition,Cave-in,1
Traffic Signal Condition,Ped Flasher,2849
OEM Literature Request,Ready NY - Russian - Pocket Size,21
Utility Program,N/A,1301
Street Condition,Depression Maintenance,222
Adopt-A-Basket,10A Adopt-A-Basket,574
Consumer Complaint,Gas Station,113
Advocate - Lien,Lien Sale,13
SNW,,3
Street Condition,Unsafe Worksite,2511
DCA / DOH New License Application Request,Cigarette Retail Dealer License,257
Mold,Workplace - 10 or Less Staff,89
Consumer Complaint,Extra Parts,19
Taxpayer Advocate Inquiry,RPIE,2
Bus Stop Shelter Complaint,Snow Removal Requested,2412
Advocate - RPIE,RPIE - Filing and Technical Issues,10
Illegal Animal Kept as Pet,Monkey,19
Question,Capital Construction,8
Boilers,Accident/Explosion - Boiler,13
DCA / DOH New License Application Request,Pedicab Driver,16
Consumer Complaint,False Advertising,14938
Indoor Air Quality,Dust from Construction,6211
Highway Condition,Debris,1
Traffic Signal Condition,Wireless Antenna,20
Sanitation Condition,12 Dead Animals,82620
DHS Advantage - Third Party,Landlord Requesting Additonal Rent,18
Dirty Conditions,E15 Illegal Postering,55576
Illegal Animal Sold,Iguana,7
Advocate-UBT,Unincorporated Business Tax - Return Filing,3
Comments,Annual Report,1
Street Condition,Failed Street Repair,65018
Other Enforcement,E10 Street Obstruction,4249
Boilers,Boiler - Defective/Inoperative/No Permit,17072
Radioactive Material,User Unlicensed,16
Hazardous Materials,"Building Collapse/Fire, (Asbestos Related) (HH1)",5
Highway Sign - Damaged,Exit/Route,287
Noise,Noise: air condition/ventilation equipment (NV1),33757
DCA / DOH New License Application Request,Catering Establishment License,133
GENERAL CONSTRUCTION,STAIRS,9389
Misc. Comments&quot;,Trauma Counseling,1
Traffic Signal Condition,Push Button,780
DOF Property - Property Value,Property Value Dispute,2010
School Maintenance,Unclean Condition,5489
Municipal Parking Facility,Sign Defect - Garage,12
Public Payphone Complaint,Illegal Activity by Phone,274
Building/Use,No Certificate Of Occupancy/Illegal/Contrary To CO,32823
Traffic Signal Condition,On Messenger,1728
Missed Collection (All Materials),1RO Missed Recycling Organics,7751
DOF Property - Payment Issue,Other Agency Charge,579
Hazardous Material,Explosive/Weapons of Mass Destruction,1
Bridge Condition,Snow on Overpass,399
GENERAL,CABINET,38550
Found Property,Clothing/Glasses,307
DOF Property - Payment Issue,Wrong Amount Paid or Withdrawn,66
&quot;--&gt;'--&gt;`--&gt;&...,Trauma Counseling,1
Water System,High Water Pressure (WHP),544
Cranes and Derricks,Failure to Comply with Annual Crane Inspection,7
DPR Internal,Property,1110
Street Sign - Damaged,Other/Unknown,13242
General Construction/Plumbing,Failure To Maintain,33330
DOF Parking - Payment Issue,Status of Refund,111
Disorderly Youth,Nuisance/Truant,546
Traffic/Illegal Parking,Blocked Hydrant,2056
Special Operations,Semi-Annual Homeless Shelter Inspection: Construction,73
CONSTRUCTION,PAVEMENT,1097
General Construction/Plumbing,Vent/Exhaust - Illegal/Improper,7056
Consumer Complaint,Hotel,58
GENERAL,CERAMIC-TILE,451
Water Conservation,"Other Water Waste Problem, (Use Comments) (CZZ)",321
Bridge Condition,Rough Pavement,645
Consumer Complaint,Toy Gun Sale,22
Water Maintenance,Hydrant Running Full,1
266dyrgvhg1egsyp2oq57axbm2s...,Trauma Counseling,1
Tunnel Condition,Graffiti - Tunnel,3
CONSTRUCTION,ROOF,2215
Non-Residential Heat,Inadequate or No Heat,11591
Snow,15S Re-Plow/Spread/Ice-Snow Cond.,26232
Street Sign - Dangling,Honorary,24
Traffic/Illegal Parking,Overnight Commercial Storage,436
Mobile Food Vendor,Garbage,91
Violation of Park Rules,Use of Newly Seeded Lawn,77
Street Light Condition,Street Light Lamp Dim,5978
Comments,Human Capital,22
GENERAL,WINDOW GUARDS,150
Violation of Park Rules,Removing Flowers/Plants,128
Street Light Condition,Fixture/Luminaire Hanging,6106
DOF Property - Reduction Issue,Commercial UDAAP Exemption,173
Misc. Comments47876391' or ...,Trauma Counseling,1
Traffic Signal Condition,Temporary,2316
DOF Property - Payment Issue,Payment Not Shown,203
Misc. Comments');declare @q...,Trauma Counseling,1
Tanning,Child or Minor Tanning,4
General Construction/Plumbing,Non-Compliance w/Lightweight Materials,29
GENERAL CONSTRUCTION,FLOOR,100842
LinkNYC,Damaged/Defective,292
Curb Condition,Defacement,13416
OEM Literature Request,Ready NY My Emergency Plan - English,753
Recycling Enforcement,ER4 City Agency (Inst. Recycling),141
Taxi Report,Driver Report - Non Passenger,111
Traffic Signal Condition,APS,367
Street Light Condition,Fire Globe Missing,147
Hazardous Materials,"Unsafe Chemical, Abandoned (HC2)",2118
Violation of Park Rules,Unlicensed Vendors,4088
DCA / DOH New License Application Request,Weight Reducing Group License,2
Advocate-Personal Exemptions,Personal Clergy Exemption,1
Consumer Complaint,Tax Preparer,27
Taxi Report,Driver Complaint - Passenger,1
Unsanitary Animal Facility,Animal Odor,432
Indoor Air Quality,Ventilation,9238
Facades,Facade (LL11/98)- Unsafe Notification,2158
Recycling Enforcement,ER5 Comm. Recyc. (Bldg Mgmt),738
Sanitation Condition,12P Dead Deer,42
DCA / DOH New License Application Request,Secondhand Dealer Auto License,365
Special Operations,Multi Agency Joint Inspection,35
City Vehicle Placard Complaint,Wind,10
Highway Sign - Damaged,Electronic Sign - Portable,14
Sidewalk Condition,Defective Hardware,2913
SCRIE,SCRIE Application Problem,5370
Water System,Plate Noisy/Sunken/Raised (WF5),33
Traffic Signal Condition,Lane Station,15
Research Questions,ULURP Project Status Questions,1
DCA / DOH New License Application Request,Debt Collection Agency License,52
SCRIE,Application Appeal,553
Day Care,Other,1769
DCA / DOH New License Application Request,Employment Agency License,175
Hazardous Material,Storage of Unsafe Chemical,1
Noise,Noise: Private Carting Noise (NQ1),11227
FATF,,302
Industrial Waste,Gasoline Spill (IAA),418
Street Sign - Missing,Other/Unknown,8138
Ferry Inquiry,Lost and Found,4701
Damaged Tree,Child Care Information,1
DCA / DOH New License Application Request,Seasonal Mobile Food Vendor License,2415
PLUMBING,STEAM PIPE/RISER,8006
Food Establishment,Odor,1773
Comments,Administration,55
Noise - Residential,Loud Music/Party,1165026
Taxi Complaint,Driver Complaint - Non Passenger,2957
Highway Condition,Graffiti - Highway,3863
Traffic Signal Condition,Veh Signal Sec Door,746
Advocate-Business Tax,General Business Tax - Refund,4
Portable Toilet,Unsanitary Condition,6
Traffic Signal Condition,P.E. Cell,1
Building/Use,SRO - Illegal Work/No Permit/Change In Occupancy/Use,11745
Noise,Noise: Loud Music/Daytime (Mark Date And Time) (NN1),79
DOOR/WINDOW,WINDOW PANE,15253
Street Light Condition,Lamppost Base Door/Cover Damaged,3951
DCA / DOH New License Application Request,Auction House License,21
Street Sign - Dangling,Detour,49
Misc. Comments',Trauma Counseling,1
DOF Property - Update Account,Property Address Incorrect,581
HPD Literature Request,Loan Brochures,29
Taxpayer Advocate Inquiry,Commercial Exemptions,3
Consumer Complaint,Door Open with Air Conditioning On,2701
Taxpayer Advocate Inquiry,Business Tax,6
Consumer Complaint,Retail Store,1997
CONSTRUCTION,VACANT APARTMENT,132
Teaching/Learning/Instruction,Promotion/Grad Requirements,90
DCA / DOH New License Application Request,Temporary Tattoo License,39
DOF Property - Reduction Issue,Commercial 421G Exemption,61
Street Sign - Damaged,Speed Limit,495
Select Message Type...,Contractor Responsibility/VENDEX,1
Comments,Citywide Procurement,12
DRIE,Application Portability,19
Traffic Signal Condition,EXPY Sign Fixt Cover,1
Lead,Lead Other (Use Comments) (L2),7
Advocate - Other,Commercial Rent Tax-Other,1
Food Establishment,Toilet Facility,2234
Consumer Complaint,Utility Company,1
Traffic Signal Condition,LED Pedestrian Unit,28818
Illegal Animal Kept as Pet,Other,611
Animal in a Park,Dog Off Leash,6007
Air Quality,"Air: Odor, Nail Salon (AD8)",469
Tanning,Equipment Maintenance,12
Safety,Altercation off School Property,39
.../Misc. Comments,Trauma Counseling,1
Consumer Complaint,Illegal Tow,2952
DOF Property - Reduction Issue,Personal STAR Exemption,27162
DHS Advantage -Landlord/Broker,Payment Not Received from Tenant,1144
Standing Water,Basement,257
Consumer Complaint,Documents/Paperwork Missing,36
Traffic Signal Condition,Ped Lens,346
Indoor Sewage,Sewage Odor,8212
Damaged Tree,Tree Leaning/Uprooted,29508
Bottled Water,Taste,35
Traffic Signal Condition,Sway Bar,378
Plumbing,,11
Street Sign - Missing,Speed Limit,512
Special Operations,Semi-Annual Homeless Shelter Inspection: Plumbing,68
No Child Left Behind,School Choice/Transfer,18
HPD Literature Request,Small Buildings Loan Program,14
HPD Literature Request,Emergency Notice,89
Benefit Card Replacement,Cash Assistance,2595
GENERAL,STAIRS,145
Question,Real Estate Services,40
Construction Safety Enforcement,Construction Safety Compliance Action,1230
Traffic Signal Condition,Mssg Sign Multi Lamp,5
Animal Abuse,In Car,1381
Traffic Signal Condition,Reflector/Louvre,97
Cooling Tower,Broken/Defective,52
Noise,Noise: Loud Music/Nighttime(Mark Date And Time) (NP1),308
Traffic Signal Condition,Street Light Feed,3599
Broken Muni Meter,Bent/Loose,363
DCA / DOH New License Application Request,Temporary Food Service Establishment Permit,624
DRIE,Copy of Approval Order,754
Consumer Complaint,Damaged/Defective Parts,387
Street Sign - Missing,School Crossing,543
Building/Use,Zoning - Non-Conforming/Illegal Vehicle Storage,24192
Consumer Complaint,Electronics Store,103
GENERAL,FLOOR,2150
Food Establishment,Food Preparation Location,1468
Forensic Engineering,Bowstring Truss Tracking Complaint,241
OEM Literature Request,Ready NY - Pets - Chinese,5
OEM Literature Request,Ready NY - Businesses,63
Teaching/Learning/Instruction,Gifted and Talented,12
Forms,Advice Request,13
OEM Literature Request,Hurricane Preparedness - English,1592
Found Property,Musical Instrument,20
Street Light Condition,Bracket Arm Missing,261
Graffiti,Graffiti,159503
OEM Literature Request,Ready NY My Emergency Plan - Traditional Chinese,56
General Question,Projects,2
Consumer Complaint,Restaurant,135
Electronics Waste Appointment,Ewaste appointment,32632
Street Light Condition,New Con Ed Service Request,2787
GENERAL CONSTRUCTION,WINDOW GUARDS,10387
HPD Literature Request,Housing Quality Standards (HQS) Inspections FAQs - English,94
General Construction/Plumbing,Plan Compliance Inspection,3
Home Delivered Meal Complaint,N/A,821
Bike Rack Condition,Bike Rack Repair,925
Water Conservation,Illegal Use Of Hose - Private Residence  (CCR),296
Investigations and Discipline (IAD),Complaince Inspection,1130
GENERAL,SIGNAGE MISSING,5049
Dead/Dying Tree,Planted More Than 2 Years Ago,37403
GENERAL CONSTRUCTION,CERAMIC-TILE,25950
DOF Parking - Payment Issue,Card - No DOF Confirmation Number Issued,6963
Sewer,Street Cave-In / Depression (SG),302
Street Condition,Defacement,147
Comments,Language Access Coordinator,1
Harboring Bees/Wasps,Bees/Wasps - Private Property,97
PLUMBING,BOILER,1651
OEM Literature Request,Ready NY - Pets - Russian,1
HPD Literature Request,Tenant and Landlord Disputes Brochure - English,12317
DCA / DOH New License Application Request,Infant Formula License,5
Street Condition,Guard Rail - Street,894
Public Toilet,Damaged/Leaking Roof,1
Bridge Condition,"Dirt, Debris, Litter Complaint",858
Found Property,Jewelry,95
Consumer Complaint,Immigration Services,10
Noise - House of Worship,Loud Music/Party,6314
NONCONST,SMOKE-FUMES,186
Consumer Complaint,Spanish Speaking Business,1
Street Sign - Dangling,"No Parking, Standing, Stopping",4731
OEM Literature Request,Ready NY - Spanish - Pocket Size,116
Sanitation Condition,9 Spill/Oil etc,76
NONCONST,JANITOR/SUPER,267
Other Enforcement,E10 Obstruction (Street/Sidewalk),13085
DHS Advantage - Tenant,Court Date Within 7 Days,2099
...\.\...\.\...\.\...\.\......,Trauma Counseling,1
Municipal Parking Facility,Sign Defect - Lot,36
Plumbing,Gas Hook-Up/Piping - Illegal Or Defective,8545
Bottled Water,Other (Explain Below),39
Highway Condition,Litter,5340
Smoking,Shisha,48
Street Sign - Damaged,School Crossing,1224
Traffic Signal Condition,Weather Head,204
Sewer,Sewer Odor (SA2),13716
Noise,Noise: Alarms (NR3),29442
Broken Muni Meter,Graffiti,795
Bike/Roller/Skate Chronic,N/A,4442
HPD Literature Request,The ABCs of Housing - Spanish,2427
Traffic Signal Condition,Pedestrian Signal,34278
Noise - Helicopter,Flying Too Low,290
Question,Human Capital,430
Special Operations,Semi-Annual Homeless Shelter Inspection: Electrical,83
.../....///.../....///.../....,Trauma Counseling,1
Broken Parking Meter,Credit Card Stuck in Meter,697
Noise Survey,People Created Noise,16303
Recycling Enforcement,ER1 Resident Recyc. (Owner/Manager,5289
Water Quality,Cloudy Or Milky Water (QB1),1818
Lost Property,Other,893
Bus Stop Shelter Complaint,Lighting,3084
BEST/Site Safety,Routine Inspection,9
Bridge Condition,Pothole,1911
OUTSIDE BUILDING,SKYLIGHT,364
Street Sign - Dangling,St Name - Over Intersection,1694
DOF Property - Owner Issue,Billing Name Incorrect,12043
Miscellaneous Categories,Inspection Work Order (DOB),14567
Air Quality,"Air: Odor/Fumes, Private Carting (AD4)",250
DPR Internal,Illegal Dumping,150
Misc. Comments' and 7702=77...,Trauma Counseling,1
Bottled Water,Sediment,13
Traffic Signal Condition,Warning Signal,553
Street Sign - Damaged,One Way,5946
Question,Landlord Inquiries,12
Construction Safety Enforcement,SST Tracking Complaint,5749
Construction,Initial - CO,5647
Window Guard,Inside Apartment,2216
Trapping Pigeon,N/A,2
BEST/Site Safety,Safety Netting/Guard Rails - Damaged/Inadequate/None (Over 6 Stories/75 Feet),3775
Misc. Comments'+(function()...,Trauma Counseling,1
Water Quality,"Taste/Odor, Sewer (QA5)",964
../WEB-INF/web.xml,Trauma Counseling,1
DEP Street Condition,Cave-in,335
OEM Literature Request,Ready NY - Businesses - English,64
Dispatched Taxi Complaint,Vehicle Complaint,2
Homeless Person Assistance,Status Call,3963
Missed Collection (All Materials),1 Missed Collection,106557
GENERAL,MOLD,2193
Taxi Report,Driver Report - Passenger,411
Traffic Signal Condition,On Structure,130
GENERAL CONSTRUCTION,MAIL-BOX,7169
Litter Basket / Request,10 Litter Basket / Request,26473
../../../WEB-INF/web.xml;x=,Trauma Counseling,1
DOOR/WINDOW,DOOR,95282
DRIE,Update Tenant Information,252
Consumer Complaint,Required Signage Not Posted,164
Noise,Noise: Construction Before/After Hours (NM1),196666
Street Sign - Missing,One Way,1108
Consumer Complaint,Newsstand,10
Sidewalk Condition,Unsafe Worksite,1300
General Construction/Plumbing,Safety Netting/Guard Rails - Damaged/Inadequate/None (6 Stories/75 Feet Or Less),2690
Damaged Tree,Branch or Limb Has Fallen Down,117279
Standing Water,Puddle on Sidewalk,726
FLOORING/STAIRS,STAIRS,7196
Traffic Signal Condition,Door Lock,613
NONCONST,CARBON MONOXIDE,15550
Hazardous Materials,"Lead, Outdoor (HJ2)",6
Consumer Complaint,Pedicab,84
HPD Literature Request,The ABCs of Housing - Haitian Creole,17
OEM Literature Request,Ready NY - Russian - Full Size,48
Street Condition,Strip Paving,130
Street Light Condition,Photocell (PEC) Missing,4122
Select Message Type...,Information on Contracts and Contractors,1
Street Condition,Crack Sealing,7
Highway Condition,Painted Line/Marking,1982
General Construction/Plumbing,Fence - None/Inadequate,15727
Consumer Complaint,Prohibited Item Sale to Minor,504
Street Condition,Pothole,575902
Municipal Parking Facility,"Dirt, Litter, Debris - Garage",24
OEM Literature Request,Hurricane Preparedness - Arabic,17
Dirty Conditions,E2 Receptacle Violation,11836
Municipal Parking Facility,Lighting - Garage,19
For Hire Vehicle Complaint,Driver Complaint - Non Passenger,5128
MSOTHER,,1
OEM Literature Request,Hurricane Preparedness - Yiddish,8
FLOORING/STAIRS,FLOOR,128891
DCA / DOH New License Application Request,Full Term Tattoo License,348
eval(compile('for x in rang...,Trauma Counseling,1
DOF Property - State Rebate,Incorrect Address,2
Street Light Condition,Fixture/Luminaire Missing,2020
Bus Stop Shelter Placement,New Bus Stop Shelter Placement,2039
Root/Sewer/Sidewalk Condition,Trees and Sidewalks Program,76768
DOF Property - Reduction Issue,MCI Abatement,28
OEM Literature Request,Hurricane Preparedness - Haitian Creole,15
Water System,LOW WATER PRESSURE - WLWP,8347
Unsanitary Animal Pvt Property,Animal Waste,5660
Sidewalk Condition,Blocked - ATM,920
OEM Literature Request,Ready NY My Emergency Plan - Russian,46
Industrial Waste,Odor In Sewer/Catch Basin (ICB),470
Day Care,Unlicensed Day Care,378
Mobile Food Vendor,Permit/License/Certificate,960
Traffic Signal Condition,Dust Cover,10
Building/Use,SRO Over-Occupied/Illegal/No Permit,2
Street Condition,Defective Hardware,57719
Consumer Complaint,Domestic Employee,7
HPD Literature Request,Storm Recovery Loan Program - Information Sheet,15
Air Quality,"Air: Smoke, Other (Use Comments) (AA5)",766
Comments,Capital Construction,4
Consumer Complaint,No Bill of Rights,9
DOF Parking - Payment Issue,Card - DOF Confirmation Number Issued,3819
Vacant Lot,8 Request to Clean Vacant Lot,20329
Water System,NO WATER (WNW),2
BEST/Site Safety,Demolition - Unsafe,2957
Mosquitoes,Large Number of Mosquitoes,2852
Rodent,Rat Sighting,139037
Advocate-Commercial Exemptions,Commercial Other Exemption,4
DOF Property - Request Copy,Copy of Notice of Property Value,5033
Traffic Signal Condition,Warning Buzzer,79
Hazardous Materials,"Unsafe Chemical, Unknown (HC3)",149
Elevator,Accident - Elevator,423
Water System,Hydrant Knocked Over/Missing (WC),14414
General Construction/Plumbing,Debris - Excessive,16167
Illegal Animal Sold,Rooster,12
Consumer Complaint,Receipt Incomplete/Not Given,1794
Street Light Condition,Foreign Attachment On Wood Pole,383
Consumer Complaint,Scrap Metal Processor,23
Advocate-SCRIE/DRIE,SCRIE Application Renewal,1
() { :;}; /bin/sleep 11,Trauma Counseling,1
Advocate - Other,Property - Other Billing Issue,280
Consumer Complaint,Garage/Parking Lot,418
Misc. Comments'+eval(compil...,Trauma Counseling,1
Question,Annual Report,4
Hazardous Materials,"Unsafe Chemical, Storage (HC1)",1405
Illegal Fireworks,N/A,2840
Rodent,Rodent Bite - PCS Only,7
GENERAL CONSTRUCTION,VENTILATION SYSTEM,4308
DCA / DOH New License Application Request,Pawn Broker License,59
ELECTRIC,BELL-BUZZER/INTERCOM,22547
Highway Sign - Damaged,Speed Limit,19
Green Taxi Complaint,Driver Complaint - Passenger,83
Traffic Signal Condition,Ped Lamp,4276
Traffic Signal Condition,Dead End Signal,220
Misc. Comments'&quot;`0&amp...,Trauma Counseling,1
PLUMBING,BATHTUB,40605
%{(#dm=@ognl.OgnlContext@DE...,Trauma Counseling,1
School Maintenance,Snow/Ice,887
Traffic Signal Condition,Condulet Cover,36
DPR Internal,Assault on Parks Employee,1
Air Quality,"Air: Smoke, Vehicular (AA4)",3619
Elevator,Elevator Not Inspected/Illegal/No Permit,2593
Consumer Complaint,Pool/Billiard Hall,6
Noise - Street/Sidewalk,Loud Music/Party,320470
DOF Property - Reduction Issue,Commercial DAMP Exemption,9
Housing Options,Nursing Home,1684
Electrical,Con Edison Referral,456
Root/Sewer/Sidewalk Condition,Root/Sewer/Sidewalk Condition,1
OEM Literature Request,Ready NY- Pandemic Flu,99
Construction Safety Enforcement,Best - DM Tracking Complaint,1382
Illegal Tree Damage,Unauthorized Tree Removal,7565
New Tree Request,For Whole Block,1653
Advocate-SCRIE/DRIE,SCRIE Application Denial,3
Research Questions,City Planning Commission,16
Water Quality,"Taste/Odor, Chemical (QA2)",1213
DCA / DOH New License Application Request,Pool or Billiard Hall License,16
Street Light Condition,Flood Light Lamp Cycling,2415
Building Marshals office,Illegal Activity,4105
Plumbing,Sprinkler System - Inadequate,2113
Street Light Condition,Fire Alarm Lamp Dayburning,4
Traffic Signal Condition,Base Door,8822
DOF Parking - Payment Issue,Status of Payment Adjustment,8772
Poison Ivy,N/A,1380
DHS Advantage - Tenant,Lease Renewal Question,4064
APPLIANCE,MICROWAVE,45
ATF,,463
DCA / DOH New License Application Request,Home Improvement Contractor License,2908
DOF Property - State Rebate,Check Lost or Not Received,5
Air Quality,"Air: Odor, Sweet From Unknown Source (AZ1)",223
Indoor Air Quality,Other (Explain Below),10319
DCA / DOH New License Application Request,Secondhand Dealer Firearms License,13
Hazardous Material,Chemical Odor,1
Sidewalk Condition,Cellar Door Open/Unprotected,1092
Teaching/Learning/Instruction,Special Education,28
Water Quality,"Taste/Odor, Chlorine (QA1)",1044
Illegal Animal Sold,Farm Animal,22
DHS Advantage - Third Party,Other Issue,552
Broken Muni Meter,Out of Order,33002
Request Large Bulky Item Collection,Request Large Bulky Item Collection,326335
%c0%ae/%c0%ae/%c0%ae/%c0%ae...,Trauma Counseling,1
Unsanitary Condition,Garbage or Litter,1
Industrial Waste,Natural Gas In Sewer/Catch Basin (IFB),1288
OEM Literature Request,Ready NY - Seniors and Disabled - Spanish,46
DOOR/WINDOW,DOOR TO DUMBWAITER,379
Animal-Abuse,Tortured,306
Rodent,Mouse Sighting,41192
Broken Muni Meter,Parking Card Stuck in Meter,1360
DEP Sidewalk Condition,Concrete Around Hydrant,1
Bottled Water,Color,15
Consumer Complaint,Electronics Repair Store,39
Consumer Complaint,Going Out of Business,4
Unsanitary Condition,Unclean Condition,1
Water Quality,"Taste/Odor, Bitter/Metallic (QA3)",1084
Misc. Comments69075347' or ...,Trauma Counseling,1
Cranes and Derricks,Crane/Suspension Scaffold - No Permit/License/Cert./Unsafe/Illegal,3051
Mobile Food Vendor,Plumbing,18
HPD Literature Request,Certificate of No Harassment or Exemption - SRO,129
DCA / DOH New License Application Request,General Street Vendor License,4282
Special Projects Inspection Team (SPIT),Illegal Hotel Rooms In Residential Building,14383
Asbestos,Asbestos Complaint (B1),14783
Taxi Compliment,Driver Compliment,5681
Water System,Hydrant Leaking (WC1),45877
Construction Safety Enforcement,CSC - Scaffolding,126
Tunnel Condition,Pothole - Tunnel,26
Fire Alarm - Reinspection,For Violation,12
For Hire Vehicle Report,Driver Report - Passenger,106
Traffic Signal Condition,Time Switch,57
Outside Building,,6
PAINT/PLASTER,WINDOW/FRAME,4998
Animal-Abuse,Other (complaint details),715
Street Sign - Damaged,St Name - Attached to Pole,13088
Sanitation Condition,15 Street Cond/Dump-Out/Drop-Off,199996
STRUCTURAL,WATER-LEAKS,16
Air Quality,"Air: Smoke, Residential (AA1)",3083
Highway Condition,Pothole - Highway,22611
GENERAL,BELL/BUZZER/INTERCOM,30999
Construction Safety Enforcement,Best - High-Rise Tracking Complaint,4749
Broken Parking Meter,No Receipt,9968
`sleep 11`,Trauma Counseling,1
Animal-Abuse,Chained,180
Consumer Complaint,Sidewalk Blocked,7322
Traffic Signal Condition,Det-Sens Cabinet,8
Street Light Condition,Wood Pole Wires Exposed,72
DCA / DOH New License Application Request,General Vendor Distributor License,104
Taxi Complaint,Vehicle Complaint,4860
Forms,Mandated Reporters,254
Food Establishment,Bare Hands in Contact w/ Food,5706
Traffic Signal Condition,Support Bracket,3526
General Construction/Plumbing,Sidewalk Shed/Pipe Scafford - Inadequate Defective/None,19788
SAFETY,SPRINKLER,1318
Window Guard,Public Area,44
Damaged Tree,Entire Tree Has Fallen Down,55474
Sewer,Defective/Missing Curb Piece (SC4),8235
General Construction/Plumbing,Landmark Bldg - Illegal Work,1114
ZSYSTEST,,2
Forensic Engineering,Woodside Settlement Project,296
DOF Property - Request Copy,Copy of Statement,38039
Animal-Abuse,Neglected,1439
Consumer Complaint,Cars Parked on Sidewalk/Street,3463
Bus Stop Shelter Complaint,Broken Glass,3897
DCA / DOH New License Application Request,Frozen Dessert Manufacturer License,293
GENERAL CONSTRUCTION,PORCH/BALCONY,3
Street Light Condition,Wood Pole Missing,20
Traffic Signal Condition,Coax Cable,3
Advocate-Property Value,Property Value Dispute,41
ELECTRIC,WIRING,20104
Snow,15X ICE-SNOW COND./PEDESTRN ACCESS,1
DOR Literature Request,Permission to Publish Contract,1
General Construction/Plumbing,Building Permit - None,173860
Advocate - Levy,Seizure of Funds,2
Hazardous Materials,"Lead, Indoor (HJ1)",2
Broken Parking Meter,Coin or Card Did Not Register,15593
Foam Ban Enforcement,ERV FOAM VIOL. FOOD VENDOR,9
Unsanitary Animal Facility,Animal Waste,378
Summer Camp,Animals/Other,3
Bridge Condition,Guard Rail - Bridge,277
Water Quality,"Clear Water With Organisms (Insects, Worms) (QE2)",112
DHS Advantage -Landlord/Broker,Other Issue,5554
X-Ray Machine/Equipment,Technician Unlicensed,15
Consumer Complaint,Home Improvement Contractor,316
Animal-Abuse,No Shelter,137
Misc. Comments'|ping -c 21 ...,Trauma Counseling,1
For Hire Vehicle Complaint,Equipment Complaint,203
Damaged Tree,Tree Alive - in Poor Condition,19760
Misc. Comments' and '7835'=...,Trauma Counseling,1
Tunnel Condition,Rough Pavement,12
Alzheimer's Care,N/A,2611
Overgrown Tree/Branches,Blocking Street,26959
Question,Executive,57
Other Enforcement,E30 Transfer Station,381
Consumer Complaint,Secondhand Dealer,32
Water System,Excessive Water In Basement (WEFB),12729
Street Sign - Missing,St Name - Attached to Pole,10496
Advocate-Personal Exemptions,Personal Other Exemption,17
DRIE,TAC Report,247
Forms,Mapping Information,1
Lost Property,Clothing/Glasses,388
Ferry Complaint,Lost and Found,2
Teaching/Learning/Instruction,Classroom Learning,173
PLUMBING,SEWER,12756
Teaching/Learning/Instruction,Academic Intervention Services,27
DOF Property - Payment Issue,Status of Refund,388
Sidewalk Condition,Newspaper Box Complaint,2505
Consumer Complaint,Lack of Safety Equipment,44
Teaching/Learning/Instruction,Home Schooling,2
Tattooing,Minor Received Tattoo,208
Street Sign - Missing,Bus Stop,1860
Traffic Signal Condition,In Post Base,235
Standing Water,Roof Gutters,225
Food Establishment,Sodium Warning,29
Dirty Conditions,E1 Improper Disposal,32232
SAFETY,OUTLET COVER,47
GENERAL,LOCKS,496
DCA / DOH New License Application Request,Locksmith License,123
Street Light Condition,Glassware Hanging,3015
Water System,Hydrant Running Full (WA4),94193
Sanitation Condition,22 Weeds,17250
DRIE,Initial Application,503
Noise - Helicopter,News Gathering,699
Home Repair,House,2685
Street Light Condition,Wood Pole Leaning,114
DOF Property - Reduction Issue,Commercial Other Exemption,368
Consumer Complaint,High Pressure to Take on Loan/Debt,154
Comments,Fleet,4
Consumer Complaint,Paid in Advance,885
Traffic Signal Condition,Messenger,14
Forms,Cable Television,1
Missed Collection (All Materials),1RG Missed Recycling Paper,20920
Street Light Condition,Flood Light Lamp Out,5650
Special Projects Inspection Team (SPIT),Privately Owned Public Space/Non-Compliance,1514
...\./...\./...\./...\./......,Trauma Counseling,1
PAINT - PLASTER,CABINETS,512
DHS Advantage - Tenant,Possible Landlord Foreclosure,454
DHS Advantage - Third Party,Unenroll from Advantage Program,7
Industrial Waste,Waterway-Floatables (IHC),53
Street Sign - Damaged,Bus Stop,1943
SG-99,,1
DCA / DOH New License Application Request,Laundry License,93
Food Establishment,Food Worker Illness,328
DHS Advantage -Landlord/Broker,Lease Expiring,636
Consumer Complaint,Funeral Home,6
Traffic Signal Condition,Det-Sens Amplifier,2
1430*4963,Trauma Counseling,1
Highway Sign - Dangling,Construction,28
Forms,Business Opportunities/RFPs,59
Noise,Noise: Vehicle (NR2),137
Consumer Complaint,Public Event Seating,22
DCA / DOH New License Application Request,Tow Truck Company License,84
OUTSIDE BUILDING,PORCH/BALCONY,615
Misc. Comments|nslookup -q=...,Trauma Counseling,1
DOF Property - Reduction Issue,Commercial Government Exemption,32
DPR Internal,Beach/Pool Closure,25
Street Light Condition,Wood Pole Knocked Down,45
Water System,Hydrant Running (WC3),81845
DCA / DOH New License Application Request,Auctioneer License,62
Street Light Condition,Time Clock Maladjusted,4503
Sewer,RAIN GARDEN DEBRIS (SRGDBR),188
Construction,Re-Inspect - No Show,1052
Panhandling,N/A,3485
OEM Literature Request,Hurricane Preparedness - Korean,10
%c0%ae/WEB-INF/web.xml,Trauma Counseling,1
ELECTRIC,POWER OUTAGE,30863
Consumer Complaint,Car Dealer - Used,402
Summer Camp,Staff/Supervision/Permits,147
Recycling Enforcement,ER7 Rechargeable Battery (Retailer),2
Bridge Condition,Fence,162
Street Sign - Dangling,Do Not Enter,262
Sewer,Sewer Backup (Use Comments) (SA),135844
Violation of Park Rules,Unauthorized Climbing,105
OUTSIDE BUILDING,ROOFING,3107
"Misc. Comments,(select*from...",Trauma Counseling,1
Consumer Complaint,Public Event,2
HPD Literature Request,Neighborhood Entrepreneurs Program (NEP) Guide,21
Consumer Complaint,Spanish Transaction,7
Eviction,Homebound Senior,98
DOF Property - Owner Issue,ACRIS Incorrect,1577
%2e%2e%2f%2e%2e%2f%2e%2e%2f...,Trauma Counseling,1
Mobile Food Vendor,Food Source/Protection,470
Comments,Information Technology,12
Elevator,Elevator - Multiple Devices On Property,10401
Public Assembly,Reinspection,7
Curb Condition,Broken Curb,24506
Construction,Initial - Construction,15459
OEM Literature Request,Ready NY - Kids - Elementary School Students,311
No Child Left Behind,Tutoring (SES),5
file:///c:/windows/win.ini,Trauma Counseling,1
Construction Safety Enforcement,Excavation Tracking Complaint,6747
Misc. Comments|ping -c 21 1...,Trauma Counseling,1
PLUMBING,WATER-SUPPLY,51724
PAINT/PLASTER,WALL,167155
() { _; } &gt;_,Trauma Counseling,1
Consumer Complaint,Inaccurate Meter,46
Misc. Comments' waitfor del...,Trauma Counseling,1
DEP Street Condition,Asphalt Around Manhole Cover,13
X-Ray Machine/Equipment,Overexposure During Treatment,12
Transportation Provider Complaint,N/A,183
Sewer,Manhole Overflow (Use Comments) (SA1),5890
Missed Collection (All Materials),1RB Missed Recycling - M/G/Pl,17589
Highway Condition,Guard Rail - Highway,158
Sewer,Catch Basin Grating Missing (SA4),3592
PLUMBING,TOILET,73218
Forms,Birth/Death Certificates,1
DHS Advantage - Third Party,Lease Expiring,109
Food Establishment,Food Worker Activity,780
() { :;}; /bin/sleep 0,Trauma Counseling,1
Highway Sign - Missing,Speed Limit,24
Food Establishment,Water,248
Lifeguard,Absent,64
Question,Real Property Tax Assessment/Correction,243
Root/Sewer/Sidewalk Condition,Affecting Sewer or Foundation,5345
Street Sign - Dangling,Street Cleaning - ASP,1997
AGENCY,HOUSING QUALITY STANDARDS,9
Water System,Remove Hydrant Locking Device (WC6),402
%c0%ae/%c0%ae/WEB-INF/web.xml,Trauma Counseling,1
Consumer Complaint,Mail Order,39
OEM Literature Request,Ready NY - Pets - Spanish,12
Street Light Condition,Foreign Attachment On Lamppost,2417
HPD Literature Request,Certificate of No Harassment - Zoning,63
{!xmlparser v='&lt;!DOCTYPE...,Trauma Counseling,1
Municipal Parking Facility,General Maintenance,448
Misc. Commentso0w3r%&gt;xb6...,Trauma Counseling,1
Sidewalk Condition,Dismiss Violation Owner Fixed,7070
OEM Literature Request,Ready NY - Kids - Middle and High School Students,190
Highway Sign - Damaged,Electronic Sign - Overhead,314
Construction Safety Enforcement,CSE - Sweep,2672
DCA / DOH New License Application Request,Locksmith Apprentice License,24
Beach/Pool/Sauna Complaint,Beach/Pool/Sauna Unpermitted,101
DCA / DOH New License Application Request,Electronics and Home Appliance Service Dealer License,77
Food Establishment,Food Temperature,2399
Misc. Comments../../../../....,Trauma Counseling,3
Mold,Kitchen/Food Prep Area,1
Rangehood,Initial,2
For Hire Vehicle Report,Driver Report - Non Passenger,65
Water System,No Water (WNW),9580
Traffic Signal Condition,EXPY Sign Reflector,2
Other Enforcement,E3B Sidewalk Obstruction,8280
OEM Literature Request,Ready NY - Businesses - Chinese,9
Taxpayer Advocate Inquiry,Co-op or Condo Abatement,8
Advocate-SCRIE/DRIE,SCRIE Application Appeal,2
Hazmat Storage/Use,Other Hazmats,1
Water Quality,"Oil, Grease In Water (QD1)",318
Noise,"Noise: Air Condition/Ventilation Equip, Commercial (NJ2)",5157
Investigations and Discipline (IAD),Investigative Inspection,2201
Advocate-Business Tax,General Business Tax - Other,2
GENERAL CONSTRUCTION,LOCKS,25358
Highway Condition,Highway Fence,535
Meals Home Delivery Required,N/A,1
Consumer Complaint,Car Not Available,557
Elevator,Elevator In (Fdny) Readiness - None,41
Select Message Type...,Doing Business with NYC,1
Executive Inspections,Enforcement Work Order (DOB),1234
%2fetc%2fpasswd,Trauma Counseling,1
Industrial Waste,Chemical Spill (IAC),1359
Street Light Condition,Bracket Arm Broken,163
DOF Literature Request,A Tenant's Guide to DRIE,1
Misc. Comments52038737' or ...,Trauma Counseling,1
Consumer Complaint,Stoop Line,245
Unsanitary Animal Pvt Property,Dog,7185
Public Toilet,Dirty/Graffiti,116
Traffic Signal Condition,Post,10237
Consumer Complaint,Non-Delivery Goods/Services,18897
Mobile Food Vendor,Insects / Pests,99
Hazardous Material,Natural Gas Leak,1
Street Light Condition,Flood Light Lamp Missing,174
Non-Emergency Police Matter,Other (complaint details),52851
ELECTRIC,LIGHTING,64159
Construction,Initial - PA,709
/./validate_form.php,Trauma Counseling,1
Safety,School Safety,173
Highway Sign - Missing,Other/Unknown,191
Traffic Signal Condition,Fixture(S),5
OEM Literature Request,Ready NY - French - Full Size,7
Consumer Complaint,Improper Sale of Items,224
OEM Literature Request,Ready NY - Small and Mid-Sized Companies,46
Consumer Complaint,Disclosure Not Provided,3
Industrial Waste,Wastewater Into Catch Basin (IEB),4034
ELECTRIC,OUTLET/SWITCH,35583
Broken Parking Meter,Missing/Stump,351
DCA / DOH New License Application Request,Animal Grooming License,125
Elevator,Elevator - Dangerous Condition/Shaft Open/Unguarded,2106
OEM Literature Request,Hurricane Preparedness - Spanish,199
Graffiti,Police Report Not Requested,709
Street Condition,Maintenance Cover,354
Missed Collection (All Materials),2 Bulk-Missed Collection,43189
Comments,Executive,4
Traffic Signal Condition,Ver Message Sign,56
Traffic,Truck Route Violation,6678
Street Sign - Dangling,Stop,2517
Traffic/Illegal Parking,Blocked Sidewalk,1871
Taxpayer Advocate Inquiry,Property Misclassified,7
Unsanitary Animal Pvt Property,Animal Odor,4130
Found Property,Other,555
Misc. Comments')waitfor del...,Trauma Counseling,1
Food Establishment,Sewage,551
Construction Safety Enforcement,CSC - Monitoring Tracking,2925
General Construction/Plumbing,Illegal Conversion Of Commercial Bldg/Space To Other Uses,2711
Sewer,Recurring after SOAP *FOR DEP INTERNAL USE ONLY* (SRAS),29
Sidewalk Condition,Broken Sidewalk,93495
NORC Complaint,N/A,20
Consumer Complaint,Auction House/Auctioneer,3
Advocate-SCRIE/DRIE,DRIE,3
General Construction/Plumbing,Cons - Contrary/Beyond Approved Plans/Permits,31698
DCA / DOH New License Application Request,Gaming Cafe License,20
Broken Muni Meter,Relocation of Muni Meter,68
Plumbing,Gas Utility Referral,5256
Benefit Card Replacement,Food Stamp,37757
For Hire Vehicle Report,Car Service Company Report,734
For Hire Vehicle Complaint,Driver Complaint,35638
DCA / DOH New License Application Request,Ticket Seller Business License Application,2
DOF Property - Payment Issue,Payment Misapplied,225
Sewer,RAIN GARDEN FLOODING (SRGFLD),46
hcvn1{{687*375}}gji51,Trauma Counseling,1
DCA / DOH New License Application Request,Horse Drawn Carriage Driver License,11
OEM Literature Request,Hurricane Preparedness - Chinese,68
DOF Property - Payment Issue,Apply Payment or Credit,1538
Bus Stop Shelter Complaint,Damaged Other,1119
Public Toilet,Lighting/Electrical,1
HPD Literature Request,HPD Guide to Programs and Services,239
Water System,Dirty Water (WE),78810
Consumer Complaint,Installation/Work Quality,2311
OEM Literature Request,Summer Heat - Russian,4
Broken Parking Meter,Relocation of Parking Meter,46
DOF Parking - Request Status,Status of Hearing,8443
Weatherization,N/A,1157
Illegal Parking,Blocked Bike Lane,25564
Street Sign - Dangling,No Idling,9
Air Quality,"Air: Odor/Fumes, Restaurant (AD2)",9168
/etc/passwd,Trauma Counseling,1
Ferry Complaint,Cleanliness,134
GENERAL,COOKING GAS,41776
Food Establishment,Kitchen/Food Prep Area,4366
Sidewalk Condition,Sidewalk Grating - Defective,2861
Street Condition,Hummock,982
Water Conservation,Illegal Use Of Hose - Private Residence,35
DCA / DOH New License Application Request,Laundry Jobber License,26
Traffic/Illegal Parking,Double Parked Blocking Traffic,1124
Ferry Complaint,Announcements,94
DEP Street Condition,Defective Manhole Cover,26
DCA / DOH New License Application Request,Retail Laundry License Application,27
Water Quality,Other Water Problem (Use Comments) (QZZ),340
Consumer Complaint,Sidewalk Cafe,363
Food Establishment,Food Protection,1794
Food Establishment,Food Worker Hygiene,2675
PLUMBING,WATER-LEAKS,169555
OEM Literature Request,Ready NY Guide - Pocket Sized - English,526
Lifeguard,Inattentive,68
Sewer,SOAP segment *FOR DEP INTERNAL USE ONLY* (SOAP)  Recurring after SOAP *FOR DEP INTERNAL USE ONLY* (SRAS),1
DOF Property - Reduction Issue,Personal DHE Exemption,4551
Air Quality,"Air: Dust, Construction/Demolition (AE4)",14438
Consumer Complaint,Harassment,1847
HEATING,HEAT,871935
DRIE,Rent Discrepancy,508
Water Conservation,Illegal Use Of Hose - Other (CCO),296
Lost Property,Musical Instrument,8
ZTESTINT,,7
Illegal Tree Damage,Branches Damaged,5473
Green Taxi Complaint,Insurance Information Requested,1
DCA / DOH New License Application Request,Food Service Establishment License,1621
DRIE,Miscellaneous,682
Advocate-Foreclosure,In Rem Foreclosure,1
Consumer Complaint,Vocational or Trade School,5
Fire Alarm - New System,Existing Building,5
OEM Literature Request,Hurricane Preparedness - Italian,16
DOF Property - Owner Issue,Remove Mortgage,13840
Taxi Complaint,Driver Complaint,149395
Street Light Condition,Fire Alarm Lamp Out,193
Street Light Condition,Fixture/Luminaire Damaged,3596
file:///etc/passwd,Trauma Counseling,2
Food Establishment,Allergy Information,189
Advocate-Business Tax,General Business Tax - Return filing,2
%2e%2e%5c%2e%2e%5c%2e%2e%5c...,Trauma Counseling,1
DOF Parking - Request Copy,List of Outstanding Tickets,1388
Question,Information Technology,30
Drinking,In Public,8927
Parent Leadership,Information,1
DRIE,Application Renewal,975
Street Sign - Missing,Yield,403
HPD Literature Request,Interruption of Essential Services Notice,25
DOF Property - Reduction Issue,Personal Military Relief Exemption,5
Illegal Animal Kept as Pet,Turtle Under 4 inches Long,9
HPD Literature Request,The ABCs of Housing - Chinese,200
Drug Activity,Use Indoor,3854
..././..././..././..././......,Trauma Counseling,1
Lost Property,Jewelry,57
Standing Water,Sewer or Drain,749
Street Sign - Damaged,Yield,344
a'a\'b&quot;c&gt;?&gt;%}}%%...,Trauma Counseling,1
Unsanitary Pigeon Condition,Pigeon Odor,486
PAINT - PLASTER,WINDOW/FRAME,5603
Hazardous Materials,"BUILDING COLLAPSE/FIRE, (ASBESTOS RELATED) *FOR DEP INTERNAL USE ONLY* (HH2)",9
Tattooing,No Consent Form,60
OEM Literature Request,Ready NY - Businesses - Spanish,8
Question,Construction and Technical Services,5
Plumbing,Jewelry/Dentistry Torch: Gas Piping Removed W/O Permit,24
Highway Sign - Missing,Exit/Route,202
Bridge Condition,Decorative Necklace Lighting,100
Non-Emergency Police Matter,Trespassing,13782
Rangehood,Re-inspection,7
Ferry Complaint,Disruptive Passenger,66
Asbestos,"Asbestos, Other (Use Comments) (BZ)",86
DOF Property - Payment Issue,Property Refunds and Credits,10957
DCA / DOH New License Application Request,Scale Dealer or Repairer License,7
Air Quality,"Air: Open Fire, Commercial (AC2)",20
Advocate-UBT,Unincorporated Business Tax - Refund,1
Consumer Complaint,Cabaret,4
Water Quality,"Cloudy Or Milky, Other (Use Comments) (QBZ)",786
Violation of Park Rules,Unsafe Use of Playground,1532
Misc. Comments88909845' or ...,Trauma Counseling,1
Sewer,Manhole Cover Missing (Emergency) (SA3),16625
DOF Property - Reduction Issue,Personal SCHE Exemption,26244
Comments,Real Property Tax Assessment/Correction,14
Bus Stop Shelter Complaint,Dirty/Graffiti,1393
Animal in a Park,Wildlife Sighting,1458
ELEVATOR,MAINTENANCE,6554
Street Sign - Dangling,Do Not Block the Box,15
DCA / DOH New License Application Request,Amusement Arcade License,24
Missed Collection (All Materials),2R Bulk-Missed Recy Collection,16114
Consumer Complaint,High Interest Loan,6
Misc. Commentseowljujfh8,Trauma Counseling,1
Homebound Evacuation 4,TAL 2 Wheelchair,2
Sidewalk Condition,Cellar Door New,26
Traffic Signal Condition,Controller Cabinet,612
Injured Wildlife,Injured Wildlife,1
Misc. Comments'||(select ex...,Trauma Counseling,1
Posting Advertisement,Vehicle,2323
Broken Muni Meter,Timer Defect - Fast/Fail,5950
Water System,Possible Water Main Break (Use Comments) (WA1),22335
DCA / DOH New License Application Request,Pet Store - New License,47
Public Toilet,New Automatic Public Toilet Request,105
Traffic Signal Condition,Blank Out Matrix Sgn,69
Question,Fleet,11
Traffic Signal Condition,LED Lense,19561
Research Questions,Special Agency Projects/Initiatives,6
NONCONST,VERMIN,187360
Ferry Complaint,Homeless Issue,124
DOF Property - Reduction Issue,Commercial 421B Exemption,219
%E5%98%8A%E5%98%8DX-Injecti...,Trauma Counseling,1
Maintenance or Facility,Unsecured Facility,4951
Beach/Pool/Sauna Complaint,Facility Maintenance,548
Street Sign - Dangling,Construction,109
Beach/Pool/Sauna Complaint,Safety Equipment/Signs,188
Tunnel Condition,"Dirt, Debris, Litter Complaint",42
Advocate-Personal Exemptions,Personal Veteran Exemption,38
HPD Literature Request,HomeFirst Down Payment Information,1810
Special Projects Inspection Team (SPIT),Sign/Awning/Marquee - Illegal/No Permit,9523
Discipline and Suspension,,1
WATER LEAK,HEAVY FLOW,90604
Radioactive Material,Material Stored Improperly,16
Traffic Signal Condition,Underground,2856
Consumer Complaint,Documents Not Returned,21
Unsanitary Condition,Insects / Pests,1
DEP Sidewalk Condition,Defective Catch Basin,4
Taxpayer Advocate Inquiry,Excise Taxes-Audit,1
Street Light Condition,Bracket Arm Bent,132
Sidewalk Condition,Sidewalk Staircase,568
Highway Condition,Loose Plate,1014
Consumer Complaint,Labor Violation,33
../../../../WEB-INF/web.xml,Trauma Counseling,1
LinkNYC,WiFi/Internet Not Working/Slow,221
Forensic Engineering,Structurally Compromised Building (LL33/08),6
OEM Literature Request,Ready NY - Seniors and Disabled - English,297
Construction Safety Enforcement,Interior Demo Tracking Complaint,134
Illegal Parking,Blocked Hydrant,205641
Noise - Park,Loud Music/Party,26678
Gas Station Discharge Lines,Hydrotest,2
Lifeguard,Too Few on Duty,15
Emergency Response Team (ERT),After Hours Work - Illegal,36448
DOF Property - Payment Issue,Refund/Credit Info or Status,3941
Standing Water,Swimming Pool Cover,791
Other Enforcement,ECR Commercial Routing Sticker,1988
Public Toilet,Damaged Other,99
Illegal Parking,Overnight Commercial Storage,16828
Dirty Conditions,E1A Litter Basket / Improper Use,3051
DCA / DOH New License Application Request,Animal Training License,18
GENERAL,PORCH/BALCONY,1
Water Conservation,Water Meter Stolen/Missing - Private Residence (CLR),674
Water System,Hyd Valve Box Cover Missing (WV2),847
